Smiles,is_valid
 C[C@H](O)[C@@](C)(CN)[C@H]1CCCOC1,True
 CCC(=O)N[C@@H](C)C(=O)NCCC1(CNCc2nnnn2C)CC1,True
 C[C@@H]1C[C@@H](NCc2nc(=O)n(C)[nH]2)CN1C(=O)c1ccon1,True
 C[C@@H]1CN(C(=O)C2=COCCC2)C[C@H]1NC(=O)[C@H]1CN(C)C(=O)N1,True
 O=C(C[C@@H]1NC(=O)N(CC2CCOCC2)C1=O)NC1CC1,True
 C[C@H](C(=O)N1CC[C@]2(CN(C(=O)C#CC3CC3)CCO2)C1)n1cnnn1,True
 CC[C@H](C)C(=O)NCc1ncc[nH]1,True
 C[C@@H](CNC(=O)c1ccc(=O)n(C)n1)N(C)C(=O)c1cccc(O)n1,True
 CN1C(=O)CC[C@H]1C(=O)NC[C@H]1CCN1C(=O)c1cn(C)c(=O)n1C,True
 C[C@@H](CCNC(=O)c1ccn(C)n1)NC(=O)CC1CS(=O)(=O)C1,True
 COC(=O)[C@]1(C)CCN(C(=O)C(=O)N2CCN(c3cnn(C)c3)C(=O)C2)C1,True
 Cn1c(C(=O)N[C@@H]2CN(C(=O)C[C@@H]3C=CCC3)C[C@H]2O)cnc1O,True
 COC(=O)COc1ccc(NC(=O)C(=O)N2CCCS(=O)(=O)CC2)cc1,True
 COC(=O)[C@H](CO)NS(=O)(=O)c1cc(C(=O)O)cs1,True
 Cn1cc(C(=O)N2CC[C@@H]2CNC(=O)c2cn(C)c(=O)n2C)nc1O,True
 CC[C@@H](F)C(=O)N[C@H]1CCN(C(=O)CCS(=O)(=O)NC)C1,True
 O=C(NC[C@@H]1COCCN1)N[C@@H](CO)C[C@@H]1CCCO1,True
 C[C@H](CC(N)=O)C(=O)N[C@H]1C[C@H](NC(=O)c2ccc(C(N)=O)cc2)C1,True
 CCC(=O)NCC(=O)N1C[C@H](NC(=O)c2cc(OC)no2)C[C@@H]1C,True
 CCOC[C@@H](C(=O)O)N(C)C(=O)c1cnc2c(c1)c(=O)n(C)c(=O)n2C,True
 C[C@@H](CNC(=O)C(=O)N1CC[C@@H](NC(N)=O)C1)C(=O)OC(C)(C)C,True
 CC[C@H](OC)C(=O)NCC1(O)CN(C(=O)c2cn(C)c(C)cc2=O)C1,True
 CC(C)(O)C(=O)N1CC[C@H](CN2CCOCC2)C1,True
 C[C@H]1CN(C(=O)C(=O)N2CCN([C@H](C)C(=O)N3CCCC3)CC2)CCN1S(C)(=O)=O,True
 C[C@@H](C#N)C(=O)N1C[C@@H](NC(=O)c2cccnc2C(N)=O)[C@H](C)C1,True
 C[C@H](CNC(=O)c1ccc(=O)n(C)n1)NC(=O)c1ccns1,True
 C[C@@H](C(=O)N[C@@H]1CN(C(=O)c2ccc3nn[nH]c3n2)C[C@H]1O)C1CC1,True
 O=C1CC[C@@H](C(=O)N2CCC[C@@H]2CNC(=O)[C@H]2COCCO2)N1,True
 CC(C)C(=O)N(C)CC(=O)N[C@@H]1CN(c2ccncc2C#N)C[C@H]1O,True
 C[C@H](O)CN1CCN(C(=O)C(=O)N2CC[C@@H](C(=O)NCC(F)(F)F)C2)CC1,True
 COc1nccc(C(=O)NC[C@@H]2CN(C(=O)Cn3ncnn3)CCO2)n1,True
 C[C@H](O)CN1CCN(C(=O)C(=O)N[C@H]2CCCN(CCN3CCOCC3)C2)CC1,True
 Cc1ccc(C(=O)N2CC[C@@H](NC(=O)c3c[nH]c(=O)cn3)[C@H](O)C2)n1C,True
 C[C@H]1CCN(C(=O)C(=O)N[C@@H]2CN(C(=O)c3cc4c([nH]3)CCC4)C[C@H]2O)C1,True
 O=C(Cn1c(O)nnc1O)N[C@@H]1CCN(C(=O)C[C@H]2CCCO2)C1,True
 Cc1nn[nH]c1C(=O)N[C@@H]1[C@H]2COC[C@@H]1CN(C(=O)c1nc[nH]n1)C2,True
 NC(=O)CC(=O)N1CC[C@H]2CCN(C(=O)c3cn4c(n3)CCC4)[C@H]2C1,True
 CN1CCN(C(=O)C(=O)N2CC[C@H](C(=O)NCc3ccccc3)C2)[C@H](CN)C1,True
 C[C@H](C(N)=O)N1C[C@H]2[C@H](NC(=O)c3cccc4c3NC(=O)CO4)[C@H]2C1,True
 O=C(NC(CO)CO)N[C@@H]1CCc2n[nH]cc2C1,True
 Cc1c[nH]nc1C(=O)N1CCOC[C@H]1CNC(=O)c1cc[nH]n1,True
 Cn1oc(C(=O)N2C[C@H]3CC[C@H]2CN3C(=O)c2cnns2)cc1=O,True
 C[C@@H](O)C(=O)N1CC2(CCCN2C(=O)c2cc(=O)nc3sccn23)C1,True
 O=C1CC[C@@H](C(=O)N[C@@H]2CN(C(=O)c3cnc4[nH]cnc4c3)C[C@H]2O)CCN1,True
 CC(=O)NCC(=O)N[C@H]1C[C@@H](CNC(=O)Cn2cc(C3CC3)nn2)C1,True
 CC(C)C[C@@H](C)C(=O)NN1C(=O)[C@H]2[C@H](C1=O)[C@H]1C=C[C@H]2O1,True
 CN(C)C(=O)CNC[C@@H]1CCCN(C(=O)c2ccc(C(N)=O)cn2)C1,True
 O=C(NCC1(O)CN(C(=O)c2cnn[nH]2)C1)c1cc2c(cn1)OCCC2,True
 C[C@@H](NC(=O)c1cc[nH]n1)C1CN(C(=O)c2cnc3c(c2)nnn3C)C1,True
 C[C@H](C(=O)N1CCCC12CN(C(=O)c1ccc(O)nn1)C2)n1cncn1,True
 COC[C@@H](C)C(=O)N1CC2(C[C@H](NC(=O)c3ccc(C(N)=O)[nH]3)CO2)C1,True
 O=C1CC[C@H](C(=O)N2C[C@@H]3CN(c4nccn5nnnc45)C[C@@H]3C2)CCN1,True
 CN1CC[C@@H](C(=O)N2CC[C@@H](NCc3nnc4n3CCOC4)C2)CC1=O,True
 COCCC(=O)N1CC(O)(CNC(=O)c2nccn3ccnc23)C1,True
 C[C@@H](CN)C(=O)N1CCO[C@]2(CCN(C(=O)c3cnn4c3CCC4)C2)C1,True
 O=C1NC[C@@H](C(=O)N2CCC3(CN(C(=O)C4(CF)CC4)C3)C2)N1,True
 Cc1nnc(CC(=O)NC[C@@H]2OC[C@@H]3CCN(C(=O)Cc4cncnc4)C[C@@H]32)o1,True
 CNS(=O)(=O)CC(=O)NC[C@H](C)NCc1ccc(-c2nn[nH]n2)cc1F,True
 C[C@]1(C(=O)N2CC(NC(=O)c3cn4c(n3)CCC4)C2)CCNC1=O,True
 CN1CCN(C(=O)C(=O)N2CCC[C@@H](C3OCCO3)C2)CC1=O,True
 Cn1nnc(C(=O)N2CCC[C@H](Nc3ncnc4c3nnn4C)C2)n1,True
 CC(=O)N1CCOC[C@H]1C(=O)NC[C@H]1C[C@H](NC(=O)c2cn[nH]c2)C1,True
 CN1CCC[C@H]1C(=O)NC[C@H]1CN(C(=O)c2cnns2)CCO1,True
 C[C@H](N[C@H]1C[C@H](NC(=O)[C@@H]2CN3CC4CC3(CO2)C4)C1)c1nnnn1C,True
 CCN(C(=O)c1cnn(C)n1)C1CN(C(=O)[C@@H]2C[C@H]2C(=O)O)C1,True
 CC[C@@H](O)CN1CCN(C(=O)[C@@H](C)N2C(=O)CCC2=O)CC1,True
 CC[C@H](OC)C(=O)N1C[C@@H](O)[C@H](NC(=O)c2cn(C)cn2)C1,True
 Cc1ccc(C(=O)NC[C@H](O)CNC(=O)c2ccn(C)c(=O)c2)n1C,True
 Cc1nn(C)cc1C(=O)NCC1=CCN(C(=O)[C@@H]2CCN(C)C2=O)CC1,True
 CN[C@H](C)CNC(=O)C(=O)N[C@@H](C)c1nnc2n1CCC2,True
 O=C(N[C@@H]1CN(C(=O)c2cc3ncccc3o2)C[C@H]1O)[C@@H]1CCS(=O)(=O)N1,True
 C[C@H](NC(=O)C(=O)N1CCO[C@@H](CO)C1)c1nnnn1C1CC1,True
 C[C@@H](C(=O)N1C[C@@H]2CN(C(=O)c3cnn(C)n3)C[C@]2(C)C1)n1cncn1,True
 CNC(=O)NCCC(=O)NC[C@H](C)NC(=O)c1ccc(F)cn1,True
 CC(C)N(C)C(=O)[C@@H](C)N1CC[C@H]1CNC(=O)Cn1cncn1,True
 CCn1cc(C(=O)N2CC[C@H](NC(=O)c3cnccn3)[C@H](O)C2)cn1,True
 C[C@H](C(=O)NC[C@H]1COCCN1C(=O)c1cocn1)n1cncn1,True
 Cn1cc(C(=O)NCC2CN(C(=O)c3cn(C)c(=O)cn3)C2)cn1,True
 O=C(Cc1ccc(O)nc1)N[C@@H]1CN(C(=O)C2=COCCO2)C[C@@H]1O,True
 O=C(N[C@H]1[C@H]2C[C@H]1N(c1ccc(-c3nn[nH]n3)nn1)C2)c1ccc2nc(O)[nH]c2n1,True
 CC(=O)N1CCO[C@@H](C(=O)N[C@@H]2CN(Cc3cc(C)ncn3)C[C@H]2O)C1,True
 Cc1nn(C)cc1C(=O)NC[C@@H]1CCN1C(=O)c1cn(C)c(=O)nc1O,True
 CN(C)S(=O)(=O)CCC(=O)N[C@@H]1CN(C(=O)c2ccncc2)C[C@H]1O,True
 CN1C(=O)CC[C@@H]1C(=O)N1CC[C@@H](Nc2ccc(-c3nn[nH]n3)nn2)C1,True
 COc1nc(C(=O)N2C[C@@H]3C(NC(=O)c4cnccn4)[C@H]3C2)co1,True
 C[C@H]1C[C@@H]1C(=O)N1C[C@H](O)[C@H](NC(=O)[C@]2(C)CNC(=O)C2)C1,True
 Cc1c[nH]c(C(=O)NC2[C@H]3CN(C(=O)Cn4ccccc4=O)C[C@H]23)n1,True
 CN1C[C@@H](C(=O)N[C@H]2C[C@H](NC(=O)c3cc(=O)n(C)o3)C2)CC1=O,True
 Cc1n[nH]c(C)c1CC(=O)N[C@@H]1CN(C(=O)c2cn(C)c(=O)cn2)C[C@@H]1O,True
 C[C@@H]1CN(C(=O)C(=O)NC[C@@H]2NCCCC2(C)C)C[C@H](CO)O1,True
 CNC(=O)NC(=O)CNC[C@H]1CN(C(=O)c2cc[nH]n2)CCO1,True
 O=C1C[C@H](C(=O)N2CC[C@]3(CN(C(=O)c4cc(O)no4)CCO3)C2)CCN1,True
 C[C@H]1C[C@@H](C(=O)N2CCN(C(=O)c3ccn(C)n3)CC2)CC(=O)N1,True
 C/C=C/C[C@@H](CO)NS(=O)(=O)NC,True
 CCOC(=O)[C@H](C)NC(=O)[C@H](C)NC(=O)C(=O)Nc1cc(C)c(=O)n(C)c1,True
 C[C@@H]1CC[C@H](C(=O)NCCN(CCO)C(=O)C[C@@H]2CCN(C)C2)O1,True
 C[C@H](CC(N)=O)C(=O)N(C)[C@H](C)CNC(=O)c1cnn(C)c1,True
 CCc1cc(C(=O)N2C[C@@H](O)[C@H](NC(=O)C[C@@H]3NC(=O)NC3=O)C2)c(C)nn1,True
 O=C(NC[C@@H]1COCCN1C(=O)C1CC=CC1)c1nc[nH]n1,True
 CCS(=O)(=O)CC(=O)N(C)C[C@H](C)NC(=O)c1cc(C#N)c[nH]1,True
 CN(C)C(=O)CN1CC[C@@H](NC(=O)c2cnn(C)c2)[C@@H](O)C1,True
 Cc1cc(C(=O)N2CC[C@H](NC(=O)c3cnn[nH]3)[C@@H](O)C2)c(C)n1C,True
 CC(C)NC(=O)C(=O)N1CCN(C(=O)NC[C@H]2CCCO2)CC1,True
 C=CCN1CC[C@H](N2C[C@@H](O)[C@H](NC(=O)c3c(C)nn(C)c3OC)C2)C1=O,True
 CN(C)C(=O)C(=O)Nc1nc2c(s1)C[C@H](NC(=O)CN1CCOCC1)CC2,True
 CC(=O)N1CC[C@@H](C(=O)N[C@H]2[C@@H]3CN(C(=O)[C@H]4CNC(=O)N4)C[C@@H]32)C1,True
 Cn1cnc(C(=O)N2C[C@H]3C(NC(=O)[C@]4(C)CCNC(=O)C4)[C@@H]3C2)c1,True
 CC(C)(C)[C@@H](NC(N)=O)C(=O)N1CC(NC(=O)CCc2cncnc2)C1,True
 C[C@@H](O)CCN(C)C(=O)C(=O)NCCNC(=O)C(C)(C)C,True
 C[C@H](CNC(=O)C1(NC(N)=O)CC1)NC(=O)[C@H]1CCNC(=O)C1,True
 COC[C@@H](O)CN1CC[C@@H]1CNC(=O)c1csnn1,True
 O=C(N[C@@H]1CN(C(=O)c2c[nH]c(-c3nn[nH]n3)c2)C[C@H]1O)c1cnn2ccccc12,True
 O=C1N[C@@H](C(=O)N2CC[C@H]3CCN(C(=O)c4cn[nH]c4)[C@H]3C2)CO1,True
 CC(C)(O)C(=O)N1CCN(C(=O)C(=O)N2CCCC2)CC1,True
 NC(=O)C1(C(=O)N2CCC(N(CCO)Cc3csnn3)CC2)CC1,True
 C[C@H](C(N)=O)N1C[C@@H](O)[C@H](NC(=O)Cc2ccc3c(c2)CCO3)C1,True
 CN1C(=O)CC[C@H]1C(=O)N1CC[C@H](NC(=O)c2ccc3nn[nH]c3c2)C1,True
 C[C@H](C(=O)N[C@H]1[C@@H]2CN(Cc3cn(C)nn3)C[C@@H]21)n1cncn1,True
 O=C(O)[C@@H]1C[C@H](O)CN(S(=O)(=O)N2C[C@H]3CC[C@H]2C3)C1,True
 C#CCNC(=O)CN1CC[C@@H](NC(=O)c2cnc(C)s2)[C@@H](O)C1,True
 C[C@H](C(=O)N[C@@H]1CN(C(=O)CCc2nc[nH]n2)C[C@@H]1O)n1cccc1,True
 CC(C)CNC(=O)C(=O)N1CC[C@H]2[C@@H]1CCN2C(=O)[C@@H]1CCC(=O)N1,True
 CN(CCCN(C)C(=O)c1ncn(C)n1)C(=O)CNC(=O)C1CC1,True
 CC(C)N1CC[C@H](N(C)CCNC(=O)c2cn(C)nn2)C1=O,True
 CC(=O)N1CC(C(=O)N2C[C@H](O)[C@H](NC(=O)c3cnn(C)n3)C2)C1,True
 N[C@H]1CC[C@H]1N1CC[C@]2(CCOC2)C1,True
 CCN1CCN(C(=O)C(=O)N2CCC(C(=O)N3CCN(C)CC3)CC2)CC1,True
 C[C@H](CC(N)=O)C(=O)NC1CN(C(=O)[C@H]2CCOC2)C1,True
 O=C(O)C1(O)CCN(C(=O)c2ccc3c(c2)S(=O)(=O)N(C[C@@H]2CCCO2)C3=O)CC1,True
 CCn1ccc(CN2C[C@@H](NC(=O)[C@@H](C)NS(C)(=O)=O)[C@H](OC)C2)n1,True
 C[C@@H]1CN(C(=O)Cn2ncnn2)C[C@H]1NC(=O)[C@H]1CCn2cncc2C1,True
 Cc1cc(C(=O)N2C[C@@H]3C(NC(=O)c4cnn(C)c4N)[C@H]3C2)cnn1,True
 CC(C)[C@@H](CNC(=O)c1cncn1C)NC(=O)[C@@H]1CCCS1(=O)=O,True
 Cc1cc(C(=O)N2CC3(CCCN3C(=O)CN3CCN(C)CC3)C2)n[nH]1,True
 CNC(=O)CN1CC[C@@H](NC(=O)[C@H]2CCN(C)C2=O)C1,True
 Cn1cc(C(=O)N[C@H]2CCN(Cc3cc(=O)n4nccc4[nH]3)C2)cn1,True
 O=C(O)C1=NO[C@@H](C(=O)N2CC[C@H](N3CCOCC3)C2)C1,True
 CNC(=O)[C@H](C)N1CC[C@H](N(C)C(=O)c2ccc(C(N)=O)nc2)C1,True
 Cn1cc(C(=O)NCC2[C@H]3CN(C(=O)[C@H]4CCOC4)C[C@H]23)ccc1=O,True
 NC(=O)N[C@H]1CCN(C(=O)C(=O)NC[C@H]2CC(=O)N(C(C)(C)C)C2)C1,True
 CC(C)[C@@H](C(=O)N1CCN(C(=O)[C@H]2C[C@H]2C(=O)N(C)C)CC1)N(C)C,True
 C=CCCOCC(=O)N1CC(O)(CNC(=O)c2cn(C)nc2OC)C1,True
 CCNC(=O)CN1CCO[C@@H](CNC(=O)c2ccoc2)C1,True
 C[C@H]1CN(C(=O)N[C@H]2CCCN(CCN3CCOCC3)C2)C[C@@H](CO)O1,True
 Cc1nc(C(=O)N2C[C@@H](NC(=O)C(F)F)[C@H](C)C2)c(=O)[nH]c1C,True
 Cc1nc(N2CCN(CCO)CC2)ncc1C(=O)O,True
 Cc1ncc(C(=O)N[C@@H]2CN(C(=O)CC(C)(C)O)C[C@H]2O)c(C)n1,True
 C[C@@H](C(=O)N[C@H]1C[C@H](NC(=O)Cn2ncn(C)c2=O)C1)n1cncn1,True
 O=C(O)CCC(=O)N[C@H]1CC12CC2,True
 O=C(c1cc(-c2nn[nH]n2)c[nH]1)N1CCN(C(=O)[C@H](C2CC2)N2CCOCC2)CC1,True
 CN(C(=O)C1(C)CC1)[C@H]1CN(C(=O)C[C@H]2CCC(=O)N2)C[C@@H]1O,True
 Cc1nc[nH]c1C(=O)N(CCO)CCNC(=O)[C@@H](C)C#N,True
 CN(C[C@@H](O)CNC(=O)C1=CCCC1)C(=O)c1ccc(C(N)=O)nc1,True
 CNC(=O)NCC(=O)N1C[C@@H]2C[C@H]1CN2c1ncc(Cl)cn1,True
 COC(=O)N(C)Cc1cc(C)cn(C)c1=O,True
 CCN1CCO[C@H](C(=O)N2CC[C@@H](NC(=O)c3c[nH]c(C#N)c3)C2)C1,True
 CC(=O)NCC(=O)NC[C@@H]1CN(C(=O)c2cc3cccn3cn2)C[C@@H]1O,True
 CC(=O)N1CCC[C@H]1C(=O)NCC1CN(C(=O)Cc2cc(C)nn2C)C1,True
 Cn1ncnc1CN1C[C@@H](O)[C@H](NC(=O)c2ccc3nc[nH]c3n2)C1,True
 CC(=O)N(C)CC(=O)N[C@@H]1CN([C@@H](C)C(=O)NC(C)(C)C)C[C@@H]1O,True
 Cc1cc(C(=O)N2CC[C@@H](NCC(=O)N3CCO[C@@H](C)C3)C2)no1,True
 CC[C@@H](CNC(=O)c1cnn[nH]1)NC(=O)Cc1nonc1C,True
 O=C(CN1CC[C@@H]2CN(C(=O)Cn3ncnn3)C[C@@H]2C1)NC(=O)NC1CC1,True
 Cc1cc(C(=O)N2CC(NC(=O)c3cn(C)cn3)C2)ncc1C(N)=O,True
 C[C@@H]1CN(C(=O)c2cn(C)c(=O)n2C)CC[C@@H]1NC(=O)c1cn(C)nn1,True
 COC(=O)[C@H]1C[C@H](O)CN(C(=O)C(=O)NCCn2ccnc2)C1,True
 Cc1cc(C(=O)N[C@@H]2CN(C(=O)c3snnc3C)C[C@@H]2O)ncn1,True
 C[C@H](O)CN1CCC(C)(CNC(=O)c2nccnc2C(N)=O)CC1,True
 C[C@@H]1CN(CC(=O)N2CCC2)C[C@H]1NC(=O)CCNC(=O)[C@@H]1CCCO1,True
 O=C(O)C[C@@H]1CS(=O)(=O)CCN1C(=O)CN1C(=O)c2ccccc2S1(=O)=O,True
 O=C(N[C@H]1CCN(C(=O)[C@@H]2CCS(=O)(=O)N2)C1)c1ccc(F)nc1,True
 CC[C@@H](C)CC(=O)N1CC[C@@](O)(CNC(=O)CN2CCOCC2=O)C1,True
 COC(=O)c1cc(S(=O)(=O)NC[C@H]2CCN2C)c[nH]1,True
 C[C@H](NC(=O)c1nnn(C)n1)C1CN(C(=O)c2cn(C)nc2C2CC2)C1,True
 Cc1ncc(C(=O)NC[C@H]2CN(C(=O)c3cnon3)CCCO2)n1C,True
 C[C@@H]1CN(C(=O)C(N)=O)C[C@@H]1NC(=O)c1ccc2c(c1)CCC(=O)N2,True
 C[C@@H](C(=O)NC1CC1)N1C[C@H](O)[C@H](NC(=O)c2cnc3[nH]cnc3c2)C1,True
 C[C@H](C(=O)N(C)C)N1CC[C@@H](NC(=O)c2nc3ncccn3n2)C1,True
 C[C@@]1(C(=O)NC2CN(C(=O)c3cscn3)C2)CCCS1(=O)=O,True
 CS[C@@H](C)C(=O)NC[C@H](O)CNC(=O)c1cncnc1C,True
 C[C@@H]1OCCO[C@@H]1C(=O)NC1CN(C(=O)c2cc3n(n2)CCO3)C1,True
 C[C@H]1CCN(C(=O)C(=O)N2CCC(NC(=O)Cn3cccn3)CC2)C1,True
 C[C@@H](O)C(=O)N1CCN(CC(=O)N(C)C)CC1,True
 CNC(=O)CC(=O)N1CC[C@H]2[C@@H]1CCCN2C(=O)c1cnn(C)c1,True
 O=C(CN1CCCC1=O)N[C@@H]1CN(C(=O)c2cc(C3CC3)no2)C[C@@H]1O,True
 COC/C=C\C(=O)NCCOCC(=O)OC,True
 C[C@H](CO)N(C)C(=O)C(=O)Nc1ccc(S(N)(=O)=O)cc1,True
 O=C(Cc1cc[nH]n1)N[C@@H]1CCN(C(=O)c2cn(CC3CC3)nn2)C1,True
 O=C(CCn1ccnn1)NC[C@@H](O)CNC(=O)c1ccc2c(c1)CCO2,True
 C[C@H](F)CN1C[C@H](C)NC[C@H]1CO,True
 Cc1cc(C(=O)N2CCO[C@H](CN(C)CC(=O)O)C2)ccc1S(N)(=O)=O,True
 C[C@@H]1CN(C(=O)c2ncc[nH]2)C[C@@H]1CNC(=O)c1nc[nH]n1,True
 CC(C)NC(=O)CN1C[C@@H]2CCC[C@]2(NC(=O)c2cn(C)c(=O)cn2)C1,True
 COC[C@H](O)CNC[C@@H](O)CN(C)C(=O)c1cc(-c2nn[nH]n2)c[nH]1,True
 CC(=O)NCC(=O)NCC(=O)N1C[C@@H]2CC[C@H](C1)N2Cc1cnc(C)cn1,True
 C#CCNC(=O)[C@@H](C)N1C[C@H](O)[C@H](NC(=O)Cn2nc(C)n(C)c2=O)C1,True
 CCc1c(C(=O)N[C@@H]2CN(C(=O)C3(F)CCOCC3)C[C@H]2O)nnn1CC,True
 O=C(N[C@H]1CCN(C(=O)c2cc[nH]n2)C[C@H]1O)c1cc2c([nH]1)CCOC2,True
 CO[C@@H](C)CNC(=O)C(=O)N[C@@H]1CCO[C@H](C)C1,True
 Cc1conc1CN1C[C@@H](O)[C@@H](CNC(=O)c2cnn(C)c2)C1,True
 C[C@H](C(=O)NC(N)=O)N1C[C@H]2[C@@H](C1)OCCN2C(=O)C1(F)CCCC1,True
 CCC[C@@H](C(=O)N[C@H]1CC(=O)N(C2CN(CC(N)=O)C2)C1)c1ccccn1,True
 O=C(Cn1cnnn1)NC[C@H]1CCCN(C(=O)c2ccc(O)nn2)C1,True
 C[C@@H]1CN(C(=O)c2csnn2)C[C@@H]1NC(=O)c1ccc(C(N)=O)nc1,True
 CC(=O)N[C@@H]1CCCN(C(=O)[C@H]2C[C@H]2C(N)=O)CC1,True
 C[C@@H](CNC(=O)c1cc(C(N)=O)ccn1)N(C)C(=O)[C@H]1CCOC1,True
 CCCN(C(=O)c1c(C)nn(C)c1OC)[C@H]1CCN(CC(N)=O)C1,True
 CC[C@H](NC(C)=O)C(=O)N1CC(O)(CNC(=O)c2cnn(CC)c2C)C1,True
 CCN(C(=O)[C@@H]1C[C@H]1c1cncn1C)C1CN(C(=O)CNC(=O)OC)C1,True
 CS(=O)(=O)NC1CC(NC(=O)N[C@@H]2COc3ccc(O)cc3C2)C1,True
 C[C@@H]1OCCO[C@@H]1C(=O)N1C[C@H]2[C@H](NC(=O)c3ccc4nnnn4c3)[C@H]2C1,True
 Cc1nc(O)[nH]c1C(=O)NC[C@@H]1COCCN1C(=O)Cn1ccnc1C,True
 O=C(O)c1ccc(F)c(NC(=O)C(=O)N2CCS(=O)(=O)[C@H](C(=O)O)C2)c1,True
 C[C@@H](NC(=O)c1cn(C)nn1)C1CN(C(=O)c2ccc3nncn3c2)C1,True
 Cn1cc(C(=O)NC2CN(C(=O)c3ccc(-c4nn[nH]n4)[nH]3)C2)c(O)nc1=O,True
 C[C@@H]1C[C@H](N)CN1C(=O)C(=O)N1CCC(C)(C(=O)O)CC1,True
 COc1cccc(CC(=O)N2C[C@@H](O)[C@H](NC(=O)C[C@H]3COC(=O)C3)C2)c1,True
 CC(=O)NCC(=O)N1CC[C@@H](NC(=O)Cn2ncnn2)C[C@@H]1C,True
 Cc1cnn(C)c1C(=O)N1CCC[C@@H](CNC(=O)[C@H]2CC(=O)N(C)C2)C1,True
 CN(C(=O)Cc1nc[nH]n1)[C@H]1CCN(C(=O)c2cccc(=O)n2C)C1,True
 NC(=O)c1ccc(C(=O)N[C@@H]2CN(C(=O)CNC(=O)C3CC3)C[C@H]2O)s1,True
 O=C(C[C@H]1CCOC1)NC[C@H]1CCCN1C(=O)CCn1cnnn1,True
 Cc1nn(C)cc1CC(=O)N[C@H]1C[C@H](NC(=O)C[C@H]2CCC(=O)N2)C1,True
 C[C@@H](CNC(=O)c1ncn(C)n1)NC(=O)c1cc(-n2cccn2)ccn1,True
 Cc1nc(O)nc(O)c1CC(=O)N1CC(CNC(=O)c2ccn(C)n2)C1,True
 O=C(O)N1CCN(S(=O)(=O)c2ccccc2Cn2cncn2)CC1,True
 CN(C(=O)CN1CCC[C@@H](NC(=O)c2cn(C)c(=O)n2C)CC1)C1CC1,True
 COC(=O)c1cc(C(=O)O)cc(S(=O)(=O)N[C@@H]2CS(=O)(=O)C[C@@H]2OC)c1,True
 C[C@H]1CN(C(=O)Cn2c(=O)ccn(Cc3ccccc3)c2=O)CC(=O)N1,True
 CC(C)C#CC(=O)N1C[C@H](O)[C@@H](N(C)C(=O)CCS(C)(=O)=O)C1,True
 C[C@@H](C(=O)N1CCC[C@H](C(N)=O)C1)N1CCC[C@@H](N2CCOCC2)C1,True
 C[C@H](N)C(=O)N(C)C[C@H](C)N(C)C,True
 Cc1nnc([C@@H](C)N2CC[C@@H](CNC(=O)CNS(=O)(=O)N(C)C)C2)o1,True
 CC[C@H](C)C(=O)N1C[C@H](O)[C@H](NC(=O)c2cccc(OCC(N)=O)c2)C1,True
 CN(C(=O)c1ccc(O)nc1)C1CN(C(=O)CN2C(=O)CCC2=O)C1,True
 NS(=O)(=O)[C@@H]1CCCN(C(=O)C(=O)Nc2cccc(C(=O)O)n2)C1,True
 C[C@H](N[C@@H]1CCN(C(=O)C2(C(N)=O)CC2)C1)C(=O)NC(=O)NC1CC1,True
 C[C@@H]1CC[C@@H](NC(=O)c2cnn(C)n2)CN1C(=O)c1cc[nH]n1,True
 CCN(CC(N)=O)C(=O)Cn1cc(Br)cn1,True
 CCOC(=O)N1CCN(C(=O)C(=O)N=c2ccnc3n(C)[nH]cc2-3)CC1,True
 Cc1nnc(CC(=O)NC[C@]2(O)CCN(Cc3nccn3C)C2)o1,True
 CN1C[C@@H](C(=O)N2CCC[C@@H]3[C@H]2CCN3C(=O)c2nnn(C)n2)CC1=O,True
 CCOC(=O)CN(CC(N)=O)C(=O)c1ccc(N2CCCC2)nn1,True
 O=C(c1cnon1)N1C[C@@H]2CC[C@H](C1)N2C(=O)c1cc(-c2nn[nH]n2)c[nH]1,True
 CC(=O)N[C@@H](C)C(=O)N1CC[C@H](CCNC(=O)Cc2cc[nH]n2)C1,True
 Cc1cc(C(=O)NCC2(O)CN(C(=O)c3ccc(C)nn3)C2)n[nH]1,True
 C[C@H](CNC(=O)CN1C(=O)CNC1=O)CNc1nccnc1C#N,True
 COC(=O)[C@H]1C[C@H]1C(=O)NCC1(NC(=O)CCn2ccnn2)CCC1,True
 CC(C)N1C[C@H](C(=O)N2CC[C@H](NCc3nc(O)n[nH]3)[C@@H]2C)CC1=O,True
 C[C@H](C(=O)N1C[C@H](O)[C@H](NC(=O)c2cn(C)ccc2=O)C1)c1cnn(C)c1,True
 C[C@H](NC(=O)c1cnn(C)c1N)C1CN(C(=O)Cn2cnnn2)C1,True
 O=C(Cc1ncc[nH]1)N1CC(n2cc(-c3nn[nH]n3)c(O)nc2=O)C1,True
 Cn1c(=O)c2cc(NC(=O)C(=O)N3CCN(C(=O)N4CCCCC4)CC3)cnc2n(C)c1=O,True
 C[C@H](O)CN1CC[C@@](C)(NC(=O)c2cnn3c(=O)cc[nH]c23)C1,True
 CN(C)C(=O)C1(C(=O)N2CCN(C(=O)[C@@H]3CCCN3C)CC2)CC1,True
 CN1C(=O)CC[C@H]1C(=O)N[C@H]1C[C@H](NC(=O)c2cn(C3CCC3)nn2)C1,True
 COc1ccc(CN2CCN(C(=O)C(=O)N(C)C[C@H](O)CN)CC2)c(OC)c1,True
 CN(C)C(=O)N1CCC(C(=O)N2CCN(CCS(N)(=O)=O)CC2)CC1,True
 COC[C@H](CO)NC(=O)NCc1nc(-c2nn[nH]n2)cs1,True
 Cn1cc(CN2C[C@@H]3C(NC(=O)[C@H]4CCCO4)[C@H]3C2)nn1,True
 C[C@H](NC(=O)C(=O)NCC(=O)N(C)CCc1ccccn1)[C@H]1CN(C)CCO1,True
 CC(C)S(=O)(=O)CC(=O)N1C[C@H](O)[C@H](NC(=O)[C@H]2CC23CCC3)C1,True
 C[C@H](C(N)=O)N1C[C@@H]2CC[C@H](C1)N2C(=O)c1cccc(=O)n1C,True
 C[C@@H]1C[C@H](NC(=O)C(=O)N2CCN(C(=O)[C@@H]3CCCO3)CC2)CCN1C,True
 C[C@H](CNC(=O)c1cc(C(N)=O)ccn1)N(C)C(=O)Cc1ccn(C)n1,True
 O=C(Cn1nccn1)N[C@H]1[C@@H]2CN(C(=O)c3c[nH]c4nccc-4c3)C[C@@H]21,True
 CN(C[C@H]1CCN1C(=O)C(N)=O)C(=O)c1ccc2c(c1)NC(=O)CO2,True
 CNC(=O)Cc1noc(CNC[C@@H]2CCCN2C(=O)[C@H](O)C(C)C)n1,True
 CC(C)COC[C@H](O)CNCCNC(=O)c1cc[n+]([O-])cc1,True
 C#CCNC(=O)[C@H](C)N1C[C@@H](O)[C@H](NC(=O)c2cnc3n2CCCC3)C1,True
 CCN(C(=O)c1cnn(C)n1)C1CN(CC(=O)N2CCCC2)C1,True
 COCC(=O)N1C[C@@H](C)[C@@H](NC(=O)c2cnn(C)c2N)C1,True
 C[C@H](NC[C@@H](C)N(C)C(=O)c1ccnc2c1nnn2C)c1nnnn1C,True
 CCN(C(=O)[C@H]1CN(C)C(=O)N1)C1CN(C(=O)c2ccc(C(N)=O)o2)C1,True
 O=C(N[C@]1(CO)CCCN(C(=O)Cc2cc[nH]n2)C1)c1ccc(O)nc1,True
 NC(=O)c1nccnc1C(=O)N1CC[C@H]2CO[C@@H](CNC(=O)c3cc(O)no3)[C@H]2C1,True
 C[C@@H]1C[C@@H](NC(=O)Cn2nccn2)CCN1C(=O)C1=COCCO1,True
 CC(=O)N[C@H](C)C(=O)N1CC[C@H]1CNC(=O)c1ccc(C(N)=O)cc1,True
 O=C(C[C@@H]1CCC(=O)N1)NCC1(O)CN(C(=O)c2cc(C3CC3)on2)C1,True
 Cc1nccc(C(=O)NC[C@@H](O)CNC(=O)CCCn2cncn2)n1,True
 C[C@@H](NC(=O)C(=O)Nc1ccn(CC(=O)N(C)C)n1)[C@H](O)c1cccc(F)c1,True
 COC(=O)Cn1ccc(NC(=O)N[C@@H]2CN(C3CC3)C[C@H]2C)n1,True
 C[C@@H]1CN(C(=O)c2cc(=O)n(C)cn2)C[C@H]1NC(=O)c1ccc(C(N)=O)cc1,True
 CC(C)C(=O)N1CC2(C[C@H](NC(=O)CN3CCOCC3)CO2)C1,True
 CC1(C)C[C@@H]1C(=O)NC1(CNC(=O)CN2CCOCC2=O)CC1,True
 O=C(N[C@@H]1[C@H]2COC[C@@H]1CN(C(=O)CN1C(=O)CNC1=O)C2)c1nnc(O)c2ccccc12,True
 COC[C@@]1(C(=O)O)CCN(C(=O)N[C@@H]2CN(C3CC3)C[C@@H]2CO)C1,True
 COC(=O)C[C@H]1C(=O)NCCN1C(=O)[C@@H]1CC(=O)N(c2cccc(S(N)(=O)=O)c2)C1,True
 C[C@H](CNC(=O)c1ccnc(O)c1)N(C)C(=O)CN1CCOCC1,True
 C[C@H]1CN(C(=O)C(=O)N2CC[C@H]3CCN(C)C[C@@H]32)C[C@@H](C(=O)O)O1,True
 O=C(NCC1(O)CN(C(=O)c2cnn3c2OCCC3)C1)[C@H]1CCCO1,True
 C[C@@H]1CN(C(=O)C(=O)N2CC[C@H](NC(=O)NC3CC3)C2)C[C@]1(C)CO,True
 C[C@H]1[C@@H](NC(=O)c2cc3n(n2)CCO3)CCN1C(=O)c1nnn(C)n1,True
 O=C(N[C@@H]1CN(C(=O)[C@H]2CC23CCOCC3)C[C@H]1O)c1cc[nH]n1,True
 Cc1nc(C(=O)NCC(C)C)co1,True
 Cn1nnc(C(=O)N2C[C@H]3[C@H](NC(=O)c4cn(C)c(=O)cn4)[C@H]3C2)n1,True
 C[C@@H](O)CN1CC(O)(CNC(=O)[C@]2(C)CCCOC2)C1,True
 CC(=O)N[C@H](C)C(=O)N1CC[C@H](NC(=O)c2cn(C)c(=O)n2C)C1,True
 Cn1oc(C(=O)N[C@@H]2CCCC[C@H]2NC(=O)c2cc(C(N)=O)c[nH]2)cc1=O,True
 C[C@@H]1CN(C(=O)c2ccc3nn[nH]c3c2)C[C@H]1NC(=O)[C@@H]1COC(=O)N1,True
 Cc1cnoc1C(=O)NC[C@@H]1COCCN1C(=O)c1ccn(C)n1,True
 O=C(Cc1ncc[nH]1)NC[C@@H]1CN(C(=O)COCC2CC2)C[C@H]1O,True
 CN(C)CCN1C[C@H](C(=O)N2CCC[C@@H](CNC(N)=O)C2)CC1=O,True
 Cn1nccc1COCC(=O)N1C[C@@H]2CC[C@H](C1)N2Cc1nc(O)n[nH]1,True
 O=C(NCc1cn([C@@H]2CCN(CCO)C2)nn1)[C@@H]1CCc2nn[nH]c2C1,True
 CC(C)C(=O)N[C@@H](CO)C(=O)N1CCC[C@H]1C(=O)NC(C)(C)C,True
 C[C@@H](OCC1CC1)C(=O)N(C)C[C@H](O)CN(C)c1ccc2nnnn2n1,True
 Cn1cc(C(=O)N2C[C@H](O)[C@H](NC(=O)c3cccc4ncnn34)C2)nc1O,True
 CC(C)[C@@H](O)C(=O)N[C@@H]1C[C@@H]2CC[C@H](C1)N2C(=O)[C@@H]1C[C@H](O)CN1,True
 CCN1CC[C@@H](N(C)C(=O)C(=O)NC[C@@H]2CN(C)CCN2C)C[C@H]1C,True
 O=C(CN1CCOC1=O)N[C@@H]1C[C@@H]2CC[C@H](C1)N2C(=O)Cc1cncnc1,True
 Cn1cc(C(=O)N2C[C@@H](O)[C@H](NC(=O)[C@H]3CCNC3=O)C2)c(=O)n(C)c1=O,True
 C[C@@H](NC(=O)N1CCC(C(=O)NCC(=O)O)CC1)[C@@H](C)N1CCOCC1,True
 CO[C@@H]1CN(CC(=O)NCC#N)C[C@H]1NC(=O)c1ccc(F)cc1,True
 C[C@@H](CNC(=O)CN1CCOCC1)NC(=O)c1cnn(C)c1C(F)F,True
 CC(C)CC1(C(=O)N[C@@H]2CN(CCO)C[C@@H]2O)CC1,True
 C[C@@H]1C[C@H](NC(=O)c2ccc(C(N)=O)cn2)CCN1C(=O)c1cnn[nH]1,True
 C[C@H](CNC(=O)c1cnc(N(C)C)cn1)N(C)C(=O)c1nccnc1N,True
 C[C@H](NC(=O)C1CCCC1)C(=O)N1CC[C@H](N(C)CC(N)=O)C1,True
 C[C@@H]1[C@H](NC(=O)C(N)=O)CCN1C(=O)c1ccc2nc(O)[nH]c2n1,True
 NC(=O)C(=O)N1C[C@H](O)[C@H](NC(=O)c2ccc(Cl)cc2)C1,True
 Cn1cc(C(=O)N[C@H]2[C@H]3C[C@H]2N(C(=O)C2=COCCO2)C3)nc1O,True
 C[C@H](C(=O)N1CCCC12CN(C(=O)C[C@@H]1NC(=O)NC1=O)C2)N1C[C@H]2C[C@@H]2C1,True
 C[C@@H]1CN(C(=O)C[C@H]2CCCC(=O)N2)C[C@H]1NC(=O)Cn1nccn1,True
 C[C@@H]1CC[C@@H](NC(=O)c2cc(=O)n(C)cn2)CN1C(=O)c1cnnc(O)c1,True
 CN(CCCNC(=O)CN1CCOC[C@@H]1C(=O)O)S(C)(=O)=O,True
 C[C@H]1CN(C(=O)c2ccc(=O)n(C)c2)C[C@H]1NCC(=O)NCC1CC1,True
 Cn1nnc(CN2CC[C@H]2CNC(=O)c2cc[n+]([O-])cc2)n1,True
 C[C@H]1CN(C)C(=O)CN1C(=O)C(=O)N1CCN(c2ncc(F)cn2)CC1,True
 Cc1nc(C(=O)N2CCS(=O)(=O)C[C@H]2C)ccc1-c1nn[nH]n1,True
 C[C@@H]1OCCO[C@@H]1C(=O)N(CCO)CCNC(=O)C[C@@H](C)n1ccnc1,True
 CC(=O)N1CC(C(=O)N2CC[C@@H](NC(=O)c3ccc(C)nn3)[C@H](O)C2)C1,True
 Cc1cc(C)nc(C(=O)N2CC[C@@H](NC(=O)Cn3cnnn3)[C@@H](O)C2)c1,True
 Cc1nonc1C(=O)NC[C@H]1C[C@H](NCc2nncn2C)C1,True
 Cn1nnc(CN2C[C@@H]3CCC[C@]3(NC(=O)c3csnn3)C2)n1,True
 O=C(CCn1cnnn1)N1CC[C@@H]2CN(C(=O)C[C@H]3CCOC3)C[C@@H]2C1,True
 C=CCNC(=O)CNCCNC(=O)[C@H]1CCc2nccn2C1,True
 CC[C@@H](COC)N(C)C[C@H]1C[C@H](O)C1,True
 CC(=O)N1CC(C(=O)N(C)CCNC(=O)[C@H]2CCc3nncn3C2)C1,True
 CC(=O)N1CC(C(=O)N[C@@H]2CN(C(=O)c3ccnc(F)c3)C[C@H]2O)C1,True
 CO[C@@H](C)CCC(=O)N1C[C@@H](O)[C@H](NC(=O)c2cnc(O)n2C)C1,True
 CCS(=O)(=O)NCC(=O)N1CCN(C(=O)CCOC)CC1,True
 C[C@@H](C(=O)N1C[C@@H]2CN(C(=O)c3cnn(C)c3)C[C@@H]2C1)N1CCOCC1,True
 COc1ccc(C(=O)N[C@@H]2CN(C(=O)c3ccnc(F)c3)C[C@@H]2O)nn1,True
 CN(C)CC1(C(=O)N2CC[C@H](CCNC(=O)Cn3cncn3)C2)CC1,True
 CO[C@@H](C)C(=O)NCC1(O)CCN(C(=O)C[C@H]2CCC(=O)N2C)CC1,True
 O=C(NC[C@@H]1OC[C@@H]2CCN(C(=O)Cn3cnnn3)C[C@@H]21)c1ccccc1-n1ccnn1,True
 Cn1cnn(CCC(=O)N2C[C@H]3C(NC(=O)c4cc[nH]c4)[C@@H]3C2)c1=O,True
 CN(CC(=O)N1CCO[C@@]2(COCCN(C(=O)CNC(=O)c3cccnc3)C2)C1)C(=O)C(=O)O,True
 COc1ccc(C(=O)O)c(NC(=O)C(=O)NC[C@@H](O)CO)c1,True
 O=C(N[C@@H]1CN(C(=O)c2ccnnc2)C[C@@H]1O)c1cc2n(n1)CCO2,True
 CN(C)c1noc(CN2C[C@@H](O)[C@H](NC(=O)C3(c4cccnc4)CC3)C2)n1,True
 CN1C(=O)CC[C@H]1C(=O)N1C[C@@H]2CN(Cc3nc(O)n[nH]3)C[C@@H]2C1,True
 CC[C@H](C)C(=O)NC[C@H](O)CNC(=O)CN(C)S(C)(=O)=O,True
 CNS(=O)(=O)CC(=O)N1C[C@@H](C)[C@@H](CNC(=O)CC(C)(C)O)C1,True
 Cc1nc[nH]c1CC(=O)N1CC[C@H]2[C@H]1CCCN2C(=O)[C@H]1C[C@H]1C(N)=O,True
 CC(C)[C@@H](O)C(=O)N[C@@H]1CN(CC(=O)NC2CCCC2)C[C@H]1O,True
 NC(=O)CC(=O)N1CC[C@@H](NC(=O)[C@H]2CN3CCC2CC3)C1,True
 CN(C)C(=O)NCC(=O)N1CC2(CCCN2C(=O)C#CC(=O)O)C1,True
 CN(C[C@H](O)CNC(=O)C(C)(C)C1CC1)C(=O)c1ccc(=O)n(C)n1,True
 C[C@@H]1OCCO[C@@H]1C(=O)N1CCO[C@@H]2CN(c3ncnc4c3nnn4C)C[C@@H]21,True
 CCN(C(=O)C1(C(N)=O)CC1)C1CN(C(=O)[C@@H]2C[C@H](C)CO2)C1,True
 C[C@@H](CNC(=O)CC(C)(C)O)NC(=O)C[C@@H]1CCC(=O)NC1,True
 O=C(O)c1ncsc1S(=O)(=O)N[C@H](CO)[C@@H]1CCOC1,True
 C#CCN1C[C@@H](O)[C@H](CNC(=O)c2cn(C(C)C)nn2)C1,True
 CC[C@@H](C(N)=O)N1CC[C@@](O)(CNC(=O)c2c(C)cc(C)nc2O)C1,True
 O=C(CCn1cncn1)N[C@@H]1[C@H]2COC[C@@H]1CN(C(=O)c1cnn3ccncc13)C2,True
 O=C(NC[C@H]1CCN1C(=O)c1ccc(-c2nn[nH]n2)[nH]1)c1cncnc1,True
 C[C@@H](CCNC(=O)c1cn(C)nn1)NC(=O)[C@H]1CNC(=O)N1,True
 CC[C@H](CNC(=O)CN1CCOCC1)NC(=O)c1cnc2n1CCC2,True
 CC(C)(C)OC(=O)NC[C@@H](O)C(=O)N[C@@H]1[C@H]2COC[C@@H]1CN(C(=O)[C@@H]1C[C@H](O)CN1)C2,True
 C[C@@H](O)CN1CCC(NC(=O)c2cn(C)nn2)CC1,True
 O=C1CC[C@@H](C(=O)NC[C@H]2[C@@H]3CN(Cc4nc(C5CC5)n[nH]4)C[C@H]23)N1,True
 CN(C)C(=O)CN1CCC(NC(=O)C(=O)NCc2ccc(OCCN3CCOCC3)cc2)CC1,True
 NC(=O)C(=O)N1C[C@@H]2CC[C@H](C1)N2C(=O)Cn1cnnn1,True
 C[C@@H](CCNC(=O)CN1C(=O)CCC1=O)NC(=O)c1cnn(C)c1,True
 CC(C)C(=O)NC[C@H]1CN(C(=O)CCc2nccn2C)C[C@H]1O,True
 CC(=O)NCC(=O)N1CCC[C@@H](NC(=O)C[C@@H]2CCN(C)C2)C1,True
 CCn1cnc(C(=O)N2CC[C@@H](NC(=O)c3cc[nH]n3)[C@H](O)C2)c1,True
 C[C@@H]1CN(C(=O)C#CC2CC2)C[C@@H]1CNC(=O)Cn1cncn1,True
 C[C@H]1C[C@H](N2CCOCC2)CN1C(=O)C1CCN(S(N)(=O)=O)CC1,True
 C[C@@H](NC(=O)C(=O)N1CC[C@@](C)(NC(=O)C(F)(F)F)C1)c1ncn(C)n1,True
 CC(=O)N[C@H](C)C(=O)N1CC[C@H]2CO[C@@H](CNC(=O)[C@@H](C)n3ccnn3)[C@H]2C1,True
 CC[C@H](C)C(=O)NCC(=O)N[C@H]1CCN(C(=O)c2c[nH]c(-c3nn[nH]n3)c2)C1,True
 C[C@@H](NC(=O)C(=O)Nc1ccc(N2CCNC(=O)C2)nc1)[C@@H](C)N1CCOCC1,True
 O=C(N[C@H]1C[C@H](NC(=O)[C@H]2CN3CCC[C@@H]3CO2)C1)c1cncnc1O,True
 CN1CCC[C@@H]1C(=O)N[C@@H]1CN(C(=O)c2cnn3cc[nH]c23)C[C@@H]1O,True
 Cc1cc(CC(=O)N[C@@H]2[C@H]3COC[C@@H]2CN(C(=O)[C@@H](C)NC=O)C3)n[nH]1,True
 C[C@@H]1CCO[C@@H]1C(=O)N1C[C@H](O)[C@H](NC(=O)c2ccc3nc(O)[nH]c3c2)C1,True
 C[C@H](CNC(=O)c1ccc(C(N)=O)[nH]1)NCC(=O)N1CCCC[C@H]1C,True
 O=C(N[C@@H]1CN(C(=O)c2cn(CC3CC3)nn2)C[C@@H]1O)[C@@H]1OC[C@@H]2COCC[C@@H]21,True
 C[C@H](NC(=O)CN(C)C(=O)C1CC1)[C@H]1CCN(C(=O)c2ncn(C)n2)C1,True
 CC(C)CCN1C[C@@H](O)[C@H](NC(=O)[C@H](C)NC(N)=O)C1,True
 C[C@@H]1[C@@H](NC(=O)c2cc(=O)n(C)o2)CCN1C(=O)c1c[nH]c(C(N)=O)c1,True
 C[C@H](C(=O)N1CCN(C(=O)CC(C)(F)F)CC1)n1cnc(-c2nn[nH]n2)n1,True
 CC[C@@H](N)[C@H](N)c1cnc2n1CCC2,True
 C[C@H]1C[C@H](NCC(N)=O)CCN1C(=O)c1cc(C(N)=O)co1,True
 CC(=O)N1CCC(C(=O)N[C@@]23CCC[C@H]2N(CC(N)=O)CC3)CC1,True
 CC(C)(C(=O)N[C@H]1C[C@@H](NC(=O)[C@H]2CCNC2=O)C1)c1cnc[nH]1,True
 C[C@@H]1CN(C(=O)Cn2ncnn2)C[C@@H]1CNCc1ccccc1-c1nn[nH]n1,True
 C[C@@H](O)CN[C@@H]1CN(C(=O)COCCN(C)C)C[C@H]1c1cnn(C)c1,True
 C[C@@H](NC[C@H](O)CNC(=O)c1cnsn1)C(=O)N1CCCCC1,True
 CN1C[C@@H](C(=O)N2C[C@H](O)[C@H](NC(=O)c3ccc(C(N)=O)o3)C2)CCC1=O,True
 CC(C)(C(=O)N1CC[C@@H](NC(=O)c2cocn2)C1)S(C)(=O)=O,True
 CC1(C)CN(S(=O)(=O)N2CC[C@@H](S(C)(=O)=O)C2)CCO1,True
 C[C@@H](NC(=O)c1ncn(C)n1)[C@@H]1CCN(C(=O)c2cc(C(N)=O)co2)C1,True
 Cc1nn(C)c(C)c1C(=O)NC1[C@@H]2CN(C(=O)[C@H]3CC[C@@H](C(N)=O)O3)C[C@@H]12,True
 CC[C@H](OC)C(=O)NCC1CN(C(=O)c2ccc(=O)n(C)n2)C1,True
 Cc1ccc(S(=O)(=O)N2C[C@@H](O)C[C@H]2C(=O)NCC(C)(CO)CO)cc1C,True
 C[C@H](CN(C)C(=O)c1cc(C(N)=O)c[nH]1)NC(=O)c1ccn(C)n1,True
 NC1(C(=O)N2CCN3CCC[C@H]3C2)CCC1,True
 C[C@H](C#N)C(=O)N[C@@H]1COC2(C1)CN(C(=O)c1cn(C)nn1)C2,True
 C[C@@H]1CC[C@H](C(=O)N2CC3(CCN(C(=O)Cn4cnnc4O)C3)C2)O1,True
 COC(=O)c1cnc(NC[C@@H](C)NC(=O)[C@@H]2CCNC2=O)nc1,True
 C[C@H](NS(C)(=O)=O)C(=O)N1C[C@@H](O)[C@H](NC(=O)c2cccs2)C1,True
 Cc1cc(C(=O)N2CC[C@H](NC(=O)c3cc(C(N)=O)c[nH]3)C2)cnn1,True
 C[C@H](O)C(=O)N1CCN(C(=O)C2(C(=O)O)CC2)CC1,True
 Cc1nc(O)[nH]c1C(=O)N[C@H]1CCCN(Cc2nc(=O)n(C)[nH]2)C1,True
 N[C@H]1C[C@H](C(=O)NN2CCCC2)C1,True
 O=C(NC[C@@H]1CCN1C(=O)CN1CCOCC1)[C@@H]1CCCOCC1,True
 CCOC(=O)[C@@H]1CCCN1S(=O)(=O)N1C[C@H](C)N(C)C[C@@H]1C,True
 CC(=O)N[C@@H](CC(=O)N1CC[C@@H](CNC(=O)C(C)(C)F)C1)C(N)=O,True
 C[C@@H]1C[C@@H](NC(=O)CN2CCOCC2=O)CN1C(=O)c1cnccn1,True
 CNC(=O)CNC[C@H]1CCCN(C(=O)c2cn(CC(N)=O)nn2)C1,True
 CC1(C)C[C@@H]1C(=O)N1CC[C@H](NC(=O)[C@@H]2CC(=O)NC(=O)N2)C1,True
 CN(Cc1nnn(C)n1)C[C@@H]1CCCN1C(=O)[C@@]1(C)CCNC1=O,True
 COc1ccc(C(=O)NC[C@@H](C)NC(=O)[C@H]2CN(C)CCO2)nn1,True
 C[C@@H]1CN(C(=O)c2ccc(=O)n(C)c2)C[C@H]1NC(=O)c1cn(C)nn1,True
 NC(=O)C1(C(=O)N2CC[C@@H]3CN(C(=O)c4cncc5nc[nH]c45)[C@@H]3C2)CC1,True
 O=C(Cn1cnnn1)N1CC[C@@H]2CN(C(=O)C3CCC3)C[C@@H]2C1,True
 CN(C(=O)c1nnn(C)n1)[C@@H]1CCCN(C(=O)c2cc(C(N)=O)co2)CC1,True
 CC(=O)N1CCO[C@@H](C(=O)N[C@@H](C)CCNC(=O)C2(C(N)=O)CC2)C1,True
 Cc1nc(C(=O)N2CC(O)(CNC(=O)[C@@H]3CC[C@@H]3C(N)=O)C2)co1,True
 CN1CCN(C(=O)C(=O)Nc2ccccc2)[C@H](CN)C1,True
 CCCNC(=O)CN1C[C@@H](NC(=O)[C@@H]2CC[C@H](C(=O)N3CCCC3)O2)[C@H](OC)C1,True
 CC(=O)N1CC(C(=O)N(C)C[C@@H]2CCCN2C(=O)c2cc[nH]n2)C1,True
 C[C@@H](CNC(=O)c1ccc(=O)n(C)n1)NCC(=O)N(C)CC1CC1,True
 C[C@H](CNC(=O)c1ncn(C)n1)NC(=O)C[C@@H]1COC(=O)C1,True
 CC(C)(C)C(=O)C(=O)N1C[C@H]2[C@H](NC(=O)CN3C(=O)CNC3=O)[C@H]2C1,True
 N#Cc1ccc(N2CCC[C@@H](NC(=O)C(=O)N[C@H]3CCc4n[nH]cc4C3)C2=O)nc1,True
 C[C@@H]1C[C@H]1C(=O)NCC1(O)CCN(C(=O)C[C@H]2CCNC2=O)CC1,True
 CCn1nncc1C(=O)N1C[C@@H]2CCC[C@]2(CNC(=O)c2nc[nH]n2)C1,True
 Cc1cc(N[C@@H](CO)CNC(=O)[C@]2(C)CCC(=O)N2)n2ncnc2n1,True
 CCc1nnc(C)cc1C(=O)N(CCO)CCNc1cnc(-c2nn[nH]n2)cn1,True
 C[C@@H]1CN(C(=O)C(=O)NC[C@H]2CC[C@H](C(=O)N(C)C)O2)C[C@H]1C(=O)O,True
 Cn1nnc(C(=O)N2C[C@H]3C[C@H]2[C@@H]3NC(=O)c2cn(C)c(=O)cn2)n1,True
 C[C@@H](C(=O)N(C)C)N1C[C@H](O)[C@H](NC(=O)c2cnn(C)c2Cl)C1,True
 C[C@H](OCc1cnn[nH]1)C(=O)N1CC[C@H](NC(=O)c2ccc3nnnn3c2)C1,True
 CC(C)n1ccc(C(=O)N[C@@H]2CN(C(=O)[C@H]3CCN(C)C3)C[C@H]2O)n1,True
 C#CCN1CCC[C@H]1C(=O)N1C[C@@H](O)[C@H](NC(=O)C2=COCCO2)C1,True
 CC[C@H](N[C@@H]1CCCN(C(=O)Cn2nc(C)ccc2=O)C1)C(N)=O,True
 C[C@H]1[C@@H](C)N(C(=O)[C@@H]2CC[C@H](C(=O)N3CCOCC3)O2)CCS1(=O)=O,True
 C[C@@H]1CN(C(=O)CCNC(N)=O)C[C@H]1NC(=O)Cn1cc(C2CC2)nn1,True
 CC[C@@H](C(N)=O)N1CCO[C@@H](CNC(=O)c2c[nH]nc2C)C1,True
 Cc1noc(C)c1C(=O)N1CCO[C@@]2(COCCN(C(=O)CN3CCNC3=N)C2)C1,True
 C[C@@H](Cc1cccnc1)NC(=O)C(=O)N1CCO[C@H](C(=O)O)C1,True
 CN(C)C(=O)CN1CCN(C(=O)COC(=O)C[C@@H]2CCS(=O)(=O)C2)CC1,True
 C[C@H]1CN(C(=O)C(=O)N2CCN(C(=O)C(=O)N3CCOCC3)CC2)CC2(CCCC2)O1,True
 CN1C(=O)CC[C@@H](NC(=O)C(=O)N2CC[C@@H](C(=O)NCc3ccccc3)C2)C1=O,True
 CN1C[C@H](C(=O)N2CC[C@H](NC(=O)c3cc(C4CC4)no3)C2)NC1=O,True
 Cc1nn[nH]c1C(=O)N1C[C@H]2CCN(C(=O)[C@H]3CCNC(=O)C3)C[C@H]2C1,True
 CN1C[C@@H](C(=O)N2C[C@@H]3CCC[C@H](C2)N3C(=O)[C@@H]2CCOC2)NC1=O,True
 C[C@H](C(N)=O)N(C)CCNC(=O)c1cc(-n2cccn2)ccn1,True
 Cn1cc(C(=O)N2CC[C@@H](NC(=O)c3ccc(C(N)=O)[nH]3)[C@H](O)C2)nc1O,True
 O=C1CC[C@H](C(=O)N2C[C@@H]3C(NC(=O)c4cnnc(O)c4)[C@H]3C2)CN1,True
 CC(=O)NCC(=O)N1C[C@@H]2C[C@H]1CN2C[C@H](C)O,True
 C[C@H](NC(=O)c1cn(C)nn1)[C@H]1CCN(C(=O)c2cnnc(O)c2)C1,True
 C[C@@H]1CN(C(=O)c2cnn[nH]2)C[C@H]1NC(=O)CN1CCCCC1=O,True
 O=C(N[C@@H]1CN(C(=O)c2ncc[nH]2)C[C@H]1O)[C@@H]1CC1(F)F,True
 CCn1cc(C(=O)NC[C@@H](O)CNC(=O)c2ncccn2)c(C)n1,True
 C[C@@H](CC#N)NC(=O)c1ccc(S(=O)(=O)NCC(N)=O)o1,True
 Cc1ccc(C(=O)N2CC[C@]3(CN(C(=O)CNC(N)=O)CCO3)C2)cc1C#N,True
 CN(C(=O)c1cn(C)nc1Cl)C1CN(C(=O)[C@@H]2CCCNC2=O)C1,True
 CO[C@@H]1CN(C(=O)C[C@H]2CCNC2=O)C[C@H]1NC(=O)c1cc2n(n1)CCO2,True
 Cn1ccc(CC(=O)N[C@@H]2CN(C(=O)C[C@@H]3CCNC3=O)C[C@H]2O)n1,True
 NC(=O)CN1CC[C@@H](CNC(=O)c2coc(C(N)=O)c2)C1,True
 CO[C@@H]1CN(C(=O)C(C)(C)C(N)=O)C[C@H]1NC(=O)c1cccnc1C(N)=O,True
 CN(C(=O)c1ccncc1)C1CN(C(=O)CN2C(=O)CCC2=O)C1,True
 Cn1c(=O)ccn(CC(=O)N2CC[C@H]3CN(CC#N)C[C@H]32)c1=O,True
 Cc1cn(C)nc1C(=O)NC[C@@H](C)CNC(=O)c1cn(C)c(=O)n1C,True
 C[C@H](OCc1cnn[nH]1)C(=O)N1CC(NC(=O)c2cncc(F)c2)C1,True
 C[C@@H](C(=O)NC1CC1)N1C[C@@H]2C[C@H]1CN2C(=O)c1cnon1,True
 CN1CC[C@@H](C(=O)NC[C@@H]2CN(C(=O)c3ccnn3C)CCO2)C1,True
 CC[C@H](C)CNC(=O)C(=O)N1CCN2C(=O)[C@@H](N)C[C@@H]2C1,True
 CCn1nncc1C(=O)N1CCC(N(C)C(=O)c2nc[nH]n2)CC1,True
 C[C@@H]1CN(C(=O)c2cc[nH]n2)C[C@H]1NC(=O)c1cncc(C(N)=O)c1,True
 Cc1cc(NC(=O)CN2CC[C@H](N(C)C(=O)Cn3ncnn3)C2)n(C)n1,True
 Cn1ncc(C(=O)N2CCC[C@@H](NC(=O)c3ccc(C(N)=O)nc3)C2)n1,True
 CN(C(=O)[C@@H]1COCCN1C)C1CN(C(=O)c2n[nH]c3c2CCCC3)C1,True
 Cc1cc(N2CC[C@H](NC(=O)C(=O)N3C[C@@H]4OCCN(C)[C@H]4C3)C2=O)n(C)n1,True
 NC(=O)c1cccc(C(=O)N2C[C@@H](O)[C@H](NC(=O)c3ccc[nH]3)C2)c1,True
 C[C@H](CNC(=O)c1c[nH]c(-c2nn[nH]n2)c1)N(C)C(=O)C[C@H]1CCCS1(=O)=O,True
 Cc1nc[nH]c1CC(=O)N[C@H]1CCN(C(=O)c2cnn(C)n2)[C@@H]1C,True
 O=C(Cn1cnnn1)NC[C@H]1CCCN1C(=O)CCc1ccncc1,True
 CN(C)C(=O)CN1CC[C@@H](NC(=O)c2ccnc3c2nnn3C)C1,True
 C[C@@H](C(=O)N1CC[C@H]2CO[C@@H](CNC(=O)[C@@H]3C=CCN3)[C@H]2C1)n1cncn1,True
 Cc1c[nH]cc1C(=O)NC[C@@H](C)N(C)CC(=O)N1CCNC(=O)C1,True
 O=C(NC1CC1)N[C@H]1CCN(C(=O)C(=O)N2CCN(CC(F)(F)F)CC2)C1,True
 CC(C)(C(=O)NCC1(O)CN(C(=O)[C@@H]2CCCO2)C1)N1CCOCC1,True
 c1cc(CN[C@@H]2[C@H]3CCO[C@H]32)sn1,True
 Cn1cc(C(=O)N2C[C@H]3C[C@H]2[C@@H]3NC(=O)c2c[nH]c(C(N)=O)c2)nc1O,True
 C[C@@H](C(=O)N1CC(O)(CNC(=O)c2cc[nH]c2)C1)n1cccn1,True
 C[C@@H](CNC(=O)C[C@@H]1CCCC(=O)N1)NC(=O)c1ccc(C(N)=O)nc1,True
 Cc1cc(C(=O)N2CC[C@H]3CO[C@@H](CNC(=O)CN4C(=O)C=CC4=O)[C@H]3C2)n(C)n1,True
 CC[C@H](C(N)=O)N1CC(CNC(=O)c2ccc(N(C)C)nc2)C1,True
 CN1CCC[C@H]1C(=O)N1CCN(C(=O)C(=O)NCc2cccnc2)CC1,True
 CN[C@@H](CC(=O)N1CCOC[C@@]2(CN(C(=O)CCc3ccc(C)nc3)CCO2)C1)C(=O)O,True
 Cc1nc(C(=O)N2CC(O)(CNC(=O)c3cc(C(N)=O)co3)C2)cs1,True
 O=C(Cn1cnnn1)N1CCC[C@H](NCc2ncccn2)C1,True
 C[C@H]1C[C@@H](NC(=O)Cc2nc[nH]n2)CCN1C(=O)c1ccc(=O)n(C)c1,True
 C[C@@H](NC(=O)c1cc[nH]n1)[C@@H]1CCN(C(=O)c2c[nH]c(=O)cn2)C1,True
 CN(C(=O)c1nnc(O)nc1O)C1CN(C(=O)c2cc3n(n2)CCO3)C1,True
 C[C@H](O)[C@@H](C)N1CCC[C@H](N2CCNC2=O)C1,True
 O=C(O)[C@H]1CN(C(=O)C(=O)N2C[C@H](O)CC(F)(F)C2)CCO1,True
 CC(=O)N1CC(C(=O)N2C[C@@H](NC(=O)c3cnc(C)n3C)[C@H](C)C2)C1,True
 C[C@@H](CNC(=O)c1cnc2cc[nH]c2c1)N(C)CC(N)=O,True
 CCN(C(=O)c1cncnc1O)C1CN(C(=O)[C@H]2CC[C@@H]2C(N)=O)C1,True
 COc1cc(C(=O)N2CC(CNC(=O)c3ccnn3C)C2)ncn1,True
 CC(C)C(=O)N(C)CC(=O)N(C)[C@H]1CCN(c2ccnc(-c3nn[nH]n3)n2)C1,True
 Cn1cc(C(=O)NC2CN(C(=O)c3ncc4n3CCCC4)C2)nn1,True
 CN(C(=O)c1ccn(C)c1)C1CN(C(=O)C2CS(=O)(=O)C2)C1,True
 C[C@H]1C[C@@H](C)CN(C(=O)C(=O)N2CC[C@@H](C(=O)O)C2)C1,True
 CNC(=O)NC(=O)[C@H](C)N1C[C@H]2C(NC(=O)c3ccncc3)[C@@H]2C1,True
 C[C@@H]1CN(C(=O)Cn2cnnn2)CC[C@H]1NC(=O)c1c[nH]c(C(N)=O)c1,True
 Cc1nc(C(=O)N2CC(O)(CNC(=O)Cn3ccccc3=O)C2)co1,True
 C[C@@H](CN[C@@H](C)C(=O)N(C)C)NC(=O)c1cc(C(N)=O)ccn1,True
 O=C(N[C@@H]1CN(C(=O)c2ncc[nH]2)C[C@H]1O)c1ccc2nn[nH]c2n1,True
 C[C@H](C(=O)N1CC[C@H]2CO[C@@H](CNC(=O)Cc3cn4c(nc3=O)SCC4)[C@H]2C1)n1cnnn1,True
 CO[C@H](C)CN1CCO[C@@](C)(CNC(=O)CN2CCOCC2)C1,True
 C[C@@H]1CN(C(=O)c2cnn(C)c2N)C[C@H]1NC(=O)C[C@H]1CCC(=O)NC1,True
 C[C@H](N)CN(C)C(=O)C(=O)N1CCC[C@@H](CN2CCOCC2)C1,True
 CC(C)C(=O)N1CCOC[C@H]1CNC(=O)c1cn(C)c(=O)n1C,True
 C[C@@H](CNC(=O)c1ccc(=O)n(C)n1)NC(=O)[C@H]1CCc2c[nH]nc2C1,True
 C[C@@H](CCNC(=O)c1cnn[nH]1)NC(=O)c1ccc2nc(O)[nH]c2n1,True
 COC[C@H](NC(C)=O)C(=O)N1CC[C@@]2(CN(C(=O)c3ccc4c(c3)NC(=O)CO4)CCO2)C1,True
 CC(=O)N1CC(C(=O)NC[C@H](C)CNC(=O)Cc2ccn(C)n2)C1,True
 O=C1NC[C@@H](C(=O)NCC2CN(C(=O)CCc3ccccn3)C2)N1,True
 O=C(Cc1nc[nH]n1)NC1(CNC(=O)c2cnn[nH]2)CCC1,True
 CO[C@@H]1CCOC[C@H]1NC(=O)N1CCN(C(=O)C(=O)N2CCOCC2)CC1,True
 CN(CCNC(=O)CCc1nc[nH]n1)C(=O)c1ccon1,True
 Cn1cc(CN2C[C@@H](O)[C@H](NC(=O)c3cccn3C)C2)nn1,True
 Cc1nc[nH]c1CC(=O)N1CC(O)(CNC(=O)c2c(C)nn(C)c2F)C1,True
 COC[C@H](O)CN1C[C@@H](NC(=O)CNC(C)=O)[C@H](OC)C1,True
 C[C@H]1C[C@@H](CNC(=O)c2nnn(C)n2)CN1C(=O)c1cn[nH]c1,True
 C[C@@H](C(=O)N1CC[C@H]2CO[C@@H](CNC(=O)[C@H](O)N3CCOCC3)[C@H]2C1)N1CCN(C)CC1,True
 O=C(Cn1ncnn1)N[C@@H]1CN(C(=O)c2ccc(O)nn2)C[C@H]1c1ccccc1,True
 O=C(COC[C@@H]1CCCO1)N1CC[C@@H]2CN(C(=O)Cn3cncn3)[C@@H]2C1,True
 CC(C)NS(=O)(=O)NCCNC(=O)C(=O)Nc1ccc(F)c(N2CCOC2=O)c1,True
 C[C@@H](C(=O)N1CC[C@@H](CN(C)C(=O)c2cn(C)nn2)C1)S(C)(=O)=O,True
 C[C@H](CC(=O)N1CCC(N(CCO)CC#N)CC1)NC(N)=O,True
 CC(C)(C)C(=O)C(=O)N1CCOC[C@H]1CNC(=O)C[C@H]1CCC(=O)NC1,True
 CN(CCNC(=O)Cn1ncnn1)C(=O)Cc1c[nH]c2ncccc12,True
 Cc1nonc1CC(=O)N1CCC[C@H]([C@@H](C)NCc2nnn(C)n2)C1,True
 CCc1cc(C(=O)N[C@@H]2CN(C(=O)c3cnn(C)c3N)C[C@@H]2O)n(C)n1,True
 CO[C@H](CNC(=O)OC(C)(C)C)CC(=O)N[C@@](C)(CO)C(=O)O,True
 O=C(O)C[C@@H]1[C@@H](NC(=O)c2ccc(O)cc2O)C(=O)O[C@@H]1C(=O)O,True
 C[C@@H]1CCCN(C[C@@H](C)NC(=O)C(=O)N2CCC[C@@H](C(=O)NCCN)C2)C1,True
 O=C(CCCn1ccnc1)N1CC[C@H](N=c2cc[nH]c(-c3nn[nH]n3)n2)C1,True
 O=C(CCc1nc[nH]n1)NC[C@H]1COCCN1C(=O)c1cc[nH]c1,True
 Cc1nc(O)[nH]c1C(=O)N1C[C@@H]2CCN(C(=O)C3CS(=O)(=O)C3)[C@@H]2C1,True
 CN1C(=O)CC[C@H]1C(=O)N1CCO[C@@]2(COCCN(C(=O)c3cc(Cl)ncn3)C2)C1,True
 CC(C)(C)OC(=O)N[C@H](O)C(=O)N1CCO[C@]2(CCN(C(=O)c3cc(=O)nc4cccnn34)C2)C1,True
 C[C@@H](CNC(=O)C(=O)N1CCN(c2ccc(Cl)cn2)CC1)S(C)(=O)=O,True
 C[C@@H]1CN[C@H](C(=O)N2CCC2)C1,True
 C[C@@H]1CN(C(=O)Cn2cnnn2)C[C@H]1NC(=O)c1ccc(F)nc1,True
 C[C@@H](N[C@H]1C[C@@H](CNC(=O)c2ccon2)C1)C(N)=O,True
 O=C(O)Cn1ccc(NC(=O)N2CCC(N3CC[C@H](O)C3)CC2)n1,True
 Cc1ccc(NC(=O)CNCCNC(=O)C2CC(=O)NC(=O)C2)cc1,True
 CC[C@@H](C(=O)N[C@@H]1CN(CC(=O)NC2CCOCC2)C[C@@H]1O)N(CC)CC,True
 CN1C(=O)[C@@H]2CN(C(=O)C(=O)NCc3ccc(N4CCN(C)CC4)cc3)C[C@@H]2C1=O,True
 O=C(O)C[C@H](O)CNC(=O)C(=O)Nc1cccc2c1OCCO2,True
 Cc1nonc1CC(=O)N1C[C@@H](O)[C@H](NC(=O)[C@@H]2CCN(C)C2=O)C1,True
 C[C@H](NC(=O)c1cc[nH]n1)C1CN(C(=O)[C@@H]2COCCO2)C1,True
 Cc1cc(N2CC[C@@H](NC(=O)c3ccc4nncn4c3)[C@@H](O)C2)nc(CO)n1,True
 CC[C@H](C(=O)N1C[C@@H]2C(NC(=O)c3nnn(C)n3)[C@H]2C1)N(CC)CC,True
 C[C@@H]1CN(C(=O)Cc2cncn2C)C[C@H]1NC(=O)c1cn(C)c(=O)cn1,True
 C[C@@H](CN)C(=O)N[C@@H]1C[C@@H]2CC[C@H](C1)N2C(=O)c1nc[nH]n1,True
 NC(=O)CC(=O)NCC[C@H]1CCN(C(=O)CCc2cncnc2)C1,True
 C[C@@H](O)CCCN[C@H]1CCCN(C(=O)c2cn(CC(N)=O)nn2)C1,True
 CO[C@H](C)C(=O)N1CC(O)(CNC(=O)c2cc(C(C)C)[nH]n2)C1,True
 O=C(Cn1cncn1)NC[C@@H]1CN(C(=O)c2cc(F)c[nH]2)C[C@@H]1O,True
 Cn1ncc(C(=O)N[C@@H]2C[C@H]3CC[C@@H]2N3C(=O)c2cc(C(N)=O)cn2C)n1,True
 Cn1cnn(CC(=O)N2CC(NC(=O)c3cnn(CCF)c3)C2)c1=O,True
 Cc1cc(NC[C@@H](O)CNC(=O)c2cc(-c3nn[nH]n3)c[nH]2)ncn1,True
 C[C@@H]1CN(C(=O)[C@@H]2CNC(=O)N2)C[C@H]1NC(=O)c1coc(C2CCOCC2)n1,True
 C[C@@H]1CN(C(=O)CC2OCCCO2)C[C@H]1NC(=O)c1cc(C(N)=O)ccn1,True
 C[C@@H]1CN(C(=O)C2=NN(c3ccccc3)[C@@H](C(N)=O)C2)C[C@H](C(N)=O)O1,True
 CC(=O)N[C@@H]1CCN(C(=O)c2c(C)c(C)nn(C)c2=O)C[C@H]1O,True
 CN(C)C(=O)CN1CCCC[C@H](NC(=O)[C@@H]2CCc3nnc(O)n3C2)C1,True
 N#Cc1ccc(N2CC[C@@H](O)C2)cn1,True
 CN(C(=O)c1cncnc1)[C@@H]1CCN(C(=O)c2cn(C)c(=O)cn2)C1,True
 CN1CC[C@@H](C(=O)N2C[C@H]3[C@@H](C2)OCCN3C(=O)c2ccc(C#N)[nH]2)C1,True
 COC(=O)[C@@H](NC(=O)CN1CCC[C@@H](OC)C1)[C@@H](C)O,True
 C[C@@H]1C(=O)N(C)CCN1C(=O)C(=O)N(C)[C@H]1CCN(CC(F)(F)F)C1=O,True
 Cc1nc(C)c(C(=O)N[C@@H]2CN(C(=O)C[C@@H]3CCC(=O)N3)C[C@@H]2O)[nH]1,True
 CC(C)N1C[C@H](C(=O)N2CC[C@@H](NC(=O)[C@H]3CCC(=O)N3)C2)CC1=O,True
 C#CCNC(=O)CC(=O)N1C[C@@H](C)[C@H](CNC(=O)c2c[nH]c(=O)cn2)C1,True
 CNC(=O)c1cccc(C(=O)N2C[C@@H](O)[C@H](NC(=O)c3[nH]nnc3C)C2)c1,True
 C[C@@H](C(=O)N1C[C@@H]2CN(Cc3nncs3)C[C@@H]2C1)S(C)(=O)=O,True
 C[C@@H](O)CN(C(=O)C(=O)N1CCN(C(=O)c2ccsc2)CC1)[C@H](C)CO,True
 Cc1cc(C(=O)N2CC[C@H](NC(=O)CN3CCOCC3)[C@H](O)C2)n[nH]1,True
 CC(C)C(=O)N1CCC[C@H]1C(=O)N[C@@H]1CN(C(=O)C2=COCCO2)C[C@H]1O,True
 CC(=O)N1CCN(C(=O)[C@H](C)OC(=O)c2ccc(-c3nn[nH]n3)o2)CC1,True
 Cn1c(C(=O)N[C@H]2C[C@@H](NC(=O)[C@@]3(C)CNC(=O)C3)C2)cnc1O,True
 COC(=O)[C@@H]1CC[C@H](C(=O)OC)N(C(=O)C(=O)Nc2ccc(OC)c(-n3cnnn3)c2)C1,True
 CC(=O)N1CC[C@H](CNC(=O)c2cn(C)c(=O)n(C)c2=O)[C@H](C)C1,True
 CC[C@H](C)N1C[C@@H](C)NC[C@@H]1CO,True
 COc1ccc(S(N)(=O)=O)c(OC)c1C(=O)N[C@H]1CCCCNC1=O,True
 Cc1cc(C(=O)N2C[C@@H](NC(=O)CCNC(N)=O)[C@H](C)C2)cnn1,True
 Cc1nc(C)c(C(=O)N2CC([C@H](C)NC(=O)[C@H]3CCNC3=O)C2)[nH]1,True
 Cc1nonc1CN1C[C@H]2C(CNC(=O)c3cc(C(N)=O)c[nH]3)[C@@H]2C1,True
 CNC(=O)NC(=O)CN1CC(NC(=O)c2cnnc(O)c2)C1,True
 COCC(=O)N1CC[C@@](C)(NC(=O)c2cc(OC)ncn2)C1,True
 CCCn1c(C)nnc1CN1C[C@@H](O)[C@H](NC(=O)[C@H]2CN(C)CCO2)C1,True
 C[C@H]1CN(C(=O)c2ncn(C)n2)C[C@H]1CNC(=O)c1cnon1,True
 O=C1CC[C@@H](C(=O)N2CC[C@H]3[C@@H]2CCN3C(=O)Cn2ccncc2=O)N1,True
 CC(C)NC(=O)CN1CCN(C(=O)C(=O)N2CC[C@H]3CC[C@@H](C2)N3)CC1,True
 C[C@@H](CN)C(=O)N1CCO[C@@]2(COCCN(C(=O)C#CC(=O)O)C2)C1,True
 CC(=O)N[C@H]1C[C@H](NC(=O)[C@@H]2CCNC(=O)C2)C1,True
 C[C@@H]1CN(C(=O)c2cnn[nH]2)C[C@H]1NC(=O)c1cn(CC(N)=O)nn1,True
 CO[C@@H]1CN(Cc2nc(=O)n(C)[nH]2)C[C@H]1NC(=O)c1cc(C2CC2)nn1C,True
 CN1CC[C@@H](N2C[C@H]3[C@H](NC(=O)CCc4cnn(C)c4)[C@H]3C2)C1=O,True
 O=C(N[C@@H]1CN(C(=O)CCn2cncn2)C[C@H]1O)c1ccn(C(F)F)n1,True
 CC[C@H](OC)C(=O)N1C[C@@H]2C(NC(=O)c3ccn4nnnc4c3)[C@H]2C1,True
 CN1CC[C@@H](C(=O)N2C[C@@H]3CC[C@H](C2)N3Cc2nnn(C)n2)CC1=O,True
 C[C@H]1C[C@@H](NC(=O)Cn2ncn(C)c2=O)CN1C(=O)c1cc[nH]c1,True
 C[C@@H]1NC(=O)C[C@H]2CCCC[C@H]1[C@@H]2O,True
 NC(=O)CN1C[C@H]2[C@@H](C1)OCCN2C(=O)C[C@@H]1NC(=O)c2ccccc21,True
 COCCN1C[C@H](O)[C@@H](N(C)C(=O)c2ccc(CNC(C)=O)o2)C1,True
 Cc1cc(C#N)nc(N2C[C@@H](O)[C@H](NC(=O)[C@@H]3CCCO3)C2)n1,True
 Cc1ncc(C)c(N[C@H](CO)CNC(=O)CN2CC(=O)N(C)C2=O)n1,True
 CCN(C(=O)c1cc2n(n1)CCO2)C1CN(C(=O)c2cc[nH]n2)C1,True
 CN1CCC[C@H]1C(=O)N[C@@H]1CN(C(=O)c2cc(C(F)F)[nH]n2)C[C@@H]1O,True
 CN1CCCC[C@H](C(=O)N2CCO[C@H](CNC(=O)C(F)F)C2)C1=O,True
 NC(=O)CN1CC[C@H]2CC[C@@H](C1)N2C(=O)[C@H]1CCc2cncn2C1,True
 Cc1cc(C(=O)N2CC[C@H](CNC(=O)c3nc[nH]n3)C2)n(C)n1,True
 O=C(NC[C@@H](O)CNC(=O)[C@@H]1Cc2ccccc2O1)c1cc[nH]n1,True
 O=C(N[C@@H]1CN(C(=O)c2ncc[nH]2)C[C@@H]1O)c1ccc2nncn2c1,True
 CC(C)OCCC(=O)N1C[C@@H](NC(=O)Cn2cnc(C(N)=O)n2)C[C@@H]1C,True
 C[C@@H](C(N)=O)N1C[C@H](O)[C@@H](N(C)C(=O)c2ccc3c(c2)C(=O)NC3=O)C1,True
 CC(C)[C@@H](F)C(=O)N1C[C@H]2[C@@H](C1)OCCN2C(=O)c1cnn2c(=O)cc[nH]c12,True
 CC(C)N(C)CC(=O)N1C[C@H](CNC(=O)Cn2ncnn2)[C@@H](C)C1,True
 Cc1nc(CC(=O)N[C@H]2CN(Cc3nnnn3C)CC2(C)C)n[nH]1,True
 CC(=O)N[C@H](C)C(=O)N1CC[C@H]1CNC(=O)c1cc(C(N)=O)cs1,True
 C[C@@H](CNC(=O)C(=O)N1CCC[C@@H](C(=O)O)C1)N1CCOCC1,True
 CC(=O)N1CC(C(=O)N[C@@H]2CN(C(=O)c3ccc4[nH]ccc4n3)C[C@H]2O)C1,True
 C[C@]1(NC(=O)CCc2cncnc2)CCN(C(=O)CCn2cnnn2)C1,True
 CN(C)C(=O)Cn1ccc(NC(=O)C(=O)N2CCC[C@H](c3n[nH]c(C4CC4)n3)C2)n1,True
 O=C(CN1CCNCC1)N[C@H]1CC[C@@H](C(=O)O)C1,True
 CN(CC(N)=O)C[C@@H]1CN(C(=O)C(=O)N[C@@H]2CCCS(=O)(=O)C2)c2ccccc2O1,True
 CO[C@H](C)CC(=O)N1CC(NC(=O)C2(NC(N)=O)CC2)C1,True
 O=C(N[C@@H]1CN(Cc2nc(O)n[nH]2)C[C@H]1O)c1csc(-c2cn[nH]c2)n1,True
 C[C@H](O)CN1CC[C@@H]1CN(C)C(=O)c1cccn2nnnc12,True
 CCn1cc(CC(=O)N(C)[C@H]2CN(C(=O)CCCF)C[C@@H]2O)nn1,True
 Cc1cn2nc(C(=O)N[C@@H]3CN(C(=O)C(C)(C)C)C[C@@H]3O)cc2c(=O)[nH]1,True
 O=C(C[C@H]1CCNC1=O)NC[C@H]1COCCN1C(=O)Cc1ccoc1,True
 C[C@H]1CCN(C(=O)Cc2cnn(C)c2)C[C@@H]1NC(=O)C1(NC(N)=O)CC1,True
 O=C(CN1CC[C@H](C(=O)O)C1)N1CCN(c2cnccn2)CC1,True
 CC(C)NCC(=O)N1CCCc2ccc(S(N)(=O)=O)cc21,True
 C[C@@H](C(=O)NCC1(O)CN(C(=O)[C@H](C)C#N)C1)n1cncn1,True
 C[C@H](NS(C)(=O)=O)c1nnc(N2CC[C@H]3OCCC[C@H]3C2)n1CCS(=O)(=O)N(C)C,True
 O=C(Cn1cnnn1)N1C[C@@H]2CC[C@H](C1)N2Cc1noc(C2CC2)n1,True
 CC(C)[C@@H](CNC(=O)c1ccn(C)c(=O)c1)NC(=O)CCn1ccnn1,True
 Cn1cc(CN2C[C@H](O)[C@H](NC(=O)Cc3cccnc3)C2)nn1,True
 CCc1cc(C(=O)N[C@@H]2CN(C(=O)c3cc(C)nc(C)n3)C[C@@H]2O)nn1C,True
 Cc1cc(C(=O)N2C[C@H](O)C[C@H]2CO)co1,True
 O=C(CCn1cnnn1)N[C@@H]1CN(C(=O)c2ccc3nn[nH]c3n2)C[C@@H]1O,True
 CC(C)C(=O)NC[C@@H]1CN(C(=O)c2cn(C)nn2)CCCO1,True
 CC(=O)N(C)CC(=O)N1CCC[C@@H](NC(=O)c2ccn(C)n2)C1,True
 C[C@@H]1CN(C(=O)c2cc[nH]n2)C[C@@H]1NC(=O)CN1C(=O)NC(C)(C)C1=O,True
 O=C(NC1CN(C(=O)[C@@H]2C[C@H]2c2cnc[nH]2)C1)c1cc2n(n1)CCO2,True
 C[C@@H]1CN(Cc2nc(=O)n(C)[nH]2)C[C@H]1NC(=O)c1cn2c(n1)COCC2,True
 CNC(=O)CN(C)[C@@H]1CCCN(C(=O)c2ccnc3c2nnn3C)C1,True
 CN1C[C@H](C(=O)N[C@@H]2CCN(C(=O)c3cn(C)nc3Cl)C2)CC1=O,True
 NC(=O)C(=O)N1CCC[C@@H]1CNC(=O)c1cccc(-n2ccnn2)c1,True
 Cc1cc(C(=O)N2CC[C@@H]2CNC(=O)[C@H]2CN(C)C(=O)N2)n[nH]1,True
 Cn1c(=O)ccn(CC(=O)N[C@@H]2CN(C(=O)CC(C)(C)O)C[C@H]2O)c1=O,True
 C[C@H]1CN(C(=O)c2cnc3[nH]nnc3c2)C[C@H]1NCc1cn(C)nn1,True
 O=C(N[C@@H]1[C@H]2COC[C@@H]1CN(C(=O)CN1CCOC1=O)C2)[C@@H](O)N1CCOCC1,True
 COc1nccc(C(=O)N2C[C@H](O)[C@H](NC(=O)c3cc(Cl)n(C)n3)C2)n1,True
 Cc1nsc(NC[C@@H](O)CN(C)C(=O)CN2CCCC2=O)n1,True
 CCN(C)C(=O)CNC(=O)N1CCN(c2nccnc2-c2nn[nH]n2)C[C@H]1C,True
 C[C@H](CNC(=O)C(=O)N[C@@H]1C[C@H]2CC[C@@H]1O2)C(=O)O,True
 CN(C)C[C@@H]1CN(C(=O)C(=O)Nc2ccc(F)c(-c3nn[nH]n3)c2)CCO1,True
 CN1CC[C@H](C(=O)N(C)C[C@@H](O)CN=c2cc[nH]c(C#N)n2)C1=O,True
 C[C@H](N)C[C@H](C)NC(=O)C(=O)N1CCC(N2C[C@H](C(=O)O)CC2=O)CC1,True
 C[C@H](C(=O)N1CC(N(C)C(=O)CN2C(=O)CCC2=O)C1)c1ccnn1C,True
 Cc1n[nH]cc1C(=O)N(C)C[C@H](O)CNC(=O)[C@H]1CCC(=O)N1C,True
 C=CCCOCC(=O)N[C@@H]1CN(Cc2cc(=O)n(C)c(=O)n2C)C[C@H]1O,True
 CNC(=O)CN1CC[C@@H]2CN(C(=O)CN3C(=O)CNC3=O)CC[C@@H]21,True
 O=C(CN1CCOCC1)N[C@@H]1CN(C(=O)[C@H]2CCCC23CC3)C[C@@H]1O,True
 O=C(N[C@@H]1CN(C(=O)[C@@H]2COc3ccccc3O2)C[C@@H]1O)c1cnon1,True
 CC(C)[C@H](F)C(=O)N1C[C@H](O)[C@H](NC(=O)c2ccnc3c2nnn3C)C1,True
 Cc1c[nH]c(C(=O)N2C[C@@H](O)[C@H](NC(=O)c3ccc4nnc(O)n4c3)C2)n1,True
 N[C@H](CO)C(=O)N1CCC[C@@H]([C@H]2CCCNC2)C1,True
 CN1C(=O)CC[C@@H]1C(=O)N1CCN(C(=O)[C@H]2CN3CCC2CC3)CC1,True
 CN1CC[C@@H](N2C[C@@H]3CC[C@H](C2)N3C(=O)c2cc(C(N)=O)co2)C1=O,True
 CCN1CCN(C(=O)C(=O)N2CCC[C@H](CNC(=O)[C@@H]3CCCN3)C2)[C@H](C)C1=O,True
 C[C@@H](NC(=O)c1cccc(NC(N)=O)c1)C1CN(Cc2nnnn2C)C1,True
 CC(C)CN1CCC[C@H]1C(=O)N[C@@H]1CN(C(=O)c2cnnc(O)c2)C[C@H]1O,True
 C[C@@H](Cn1cccn1)NC(=O)C(=O)NC[C@H]1CCCN1S(C)(=O)=O,True
 Cc1nc(CC(=O)N(C)[C@H](C)CNC(=O)c2ccc3nn[nH]c3n2)n[nH]1,True
 CC[C@@H](C(=N)N)N1C[C@@H]2CC[C@H](C1)O2,True
 COC(=O)C1(O)CCN(C(=O)C[C@@H](O)CN)CC1,True
 O=C1CC[C@@H](CC(=O)N[C@@H]2CN(Cc3nc(C(F)F)no3)C[C@H]2O)CN1,True
 C[C@@H]1CN(C(=O)c2cn(C)nn2)C[C@H]1NC(=O)C1CC2(C1)NC(=O)NC2=O,True
 C[C@@H](C(=O)N(C)C)N1CC(O)(CNC(=O)[C@@H]2CC2(F)F)C1,True
 CCc1c(C(=O)N2CC(CNC(=O)Cn3ncnn3)C2)nnn1CC,True
 CN(C(=O)c1cc(C(N)=O)co1)[C@H]1CCN(c2cnc(-c3nn[nH]n3)cn2)C1,True
 O=C(O)C[C@H](O)CNC(=O)C(=O)Nc1cc(S(=O)(=O)N2CCCC2)ccc1F,True
 CC(C)OCC(=O)NC[C@H](O)CNC(=O)c1cc(CN(C)C)on1,True
 O=C(N[C@@H]1CN(C(=O)c2nc[nH]n2)C[C@H]1O)c1ccc2nccn2c1,True
 CC[C@H](C)NC(=O)CCNC(=O)C(=O)N1CC[C@@H](C(=O)OC)[C@@H](C)C1,True
 CC[C@H](C)N(C)CCNC(=O)C(=O)N1CC[C@@H]2NC(=O)OC[C@H]2C1,True
 Cn1cnc([C@@H]2CN(C(=O)c3cnn[nH]3)C[C@H]2NC(=O)C[C@H]2CCNC2=O)c1,True
 NC(=O)N1CC[C@@H](NC(=O)c2cc(C(=O)O)ccn2)C1,True
 CN(C)C(=O)C1CCC(C(=O)N2C[C@@H](O)[C@H](NC(=O)c3cnccn3)C2)CC1,True
 Cc1nccc(C(=O)N2CC[C@@H]3OCCN(CC(=O)NCC#N)[C@@H]3C2)n1,True
 CN(C)C(=O)CNC[C@H]1CCC[C@H]1NC(=O)C1CCN(C(N)=O)CC1,True
 C[C@H](CC(N)=O)C(=O)N[C@H]1C[C@@H](CNC(=O)[C@@H]2CCCN2C(N)=O)C1,True
 C[C@@H]1[C@H](N(C)C)CCN1C(=O)c1cn(CC(N)=O)nn1,True
 CCCNC(=O)CN[C@H]1C[C@H](CNC(=O)c2ccc(C(N)=O)cn2)C1,True
 CCS(=O)(=O)CCCN1C[C@@H](O)[C@H](NC(=O)c2cnn3c2OCCC3)C1,True
 CNC(=O)CN1CC(NC(=O)[C@@H]2CC(=O)NC(=O)N2)C1,True
 C[C@H]1CCCN1S(=O)(=O)N1CC[C@@]2(CCOC2=O)C1,True
 Cc1cccc(C(=O)N[C@H]2CCN(C(=O)C(N)=O)C2)c1,True
 CC[C@@H](C(=O)N1CCN(C(=O)c2cn(C)c(=O)n2C)CC1)N(C)C,True
 C[C@@H](C(N)=O)N1CCN(C(=O)c2cnc(O)n(C)c2=O)CC1,True
 CC(C)[C@@H](O)C(=O)N1CCN(C(=O)Cn2ncnn2)[C@@H]2CS(=O)(=O)C[C@@H]21,True
 Cc1cc(C(=O)N2CC(O)(CNC(=O)[C@H]3C[C@H]4C=C[C@H]3O4)C2)no1,True
 CO[C@H](C)C(=O)N1C[C@H]2C(NC(=O)c3cnon3)[C@@H]2C1,True
 CNC(=O)CN1CC[C@@H]2CN(C(=O)CN3CCCCCCC3=O)[C@@H]2C1,True
 C[C@H](CC(N)=O)C(=O)NC[C@@H]1OC[C@@H]2CCN(C(=O)Cc3ncccn3)C[C@@H]21,True
 Cc1cc(C(=O)N[C@H]2C[C@@H](NC(=O)c3c[nH]c(-c4nn[nH]n4)c3)C2)n(C)n1,True
 CN1C[C@@H](C(=O)N2CC[C@@H]3CN(C(=O)c4cncnc4)[C@@H]3C2)CC1=O,True
 Cn1cc(C(=O)N2CC[C@@H]3CCN(C(=O)c4cc[nH]n4)[C@H]3C2)nn1,True
 CO[C@@H]1CN(C(=O)CCn2cnnn2)C[C@H]1NC(=O)c1cc(C)n(C)c1C,True
 C[C@H](CC(=O)N1CC(O)(CNC(=O)c2ncc[nH]2)C1)NC(N)=O,True
 C[C@H](C(=O)N1CCN(C(=O)C2(S(C)(=O)=O)CCC2)CC1)S(C)(=O)=O,True
 N#Cc1ccccc1CN1CCOC[C@H]1CNC(=O)C(N)=O,True
 Cc1cc(C)nc(N[C@@H]2CN(C(=O)CCn3cc[nH]c(=O)c3=O)C[C@H]2C)n1,True
 NC(=O)CC(=O)N1C[C@@H]2CC[C@H](C1)N2C(=O)c1cc2n(n1)CCCO2,True
 C[C@@H]1[C@H](C(=O)N(C)C2CN(C(=O)[C@@H]3CCC(=O)N3C)C2)CCN1C,True
 CC[C@@H](C)C(=O)N1CCC(O)(CNC(=O)[C@H](C)NC(C)=O)CC1,True
 Cc1cnn(C)c1C(=O)N1CC(NC(=O)[C@@H]2C[C@H]2[N+](=O)[O-])C1,True
 C#C[C@@H](C)NC(=O)C(=O)Nc1ccc2[nH]nc(C(N)=O)c2c1,True
 Cc1nc(C(=O)N2C[C@@H](O)[C@H](NC(=O)CN3CCCCC3=O)C2)cs1,True
 C[C@@H](c1nncn1C)N1CC[C@@H]1CNC(=O)c1cn(C)c(=O)cn1,True
 C[C@@H](C[C@H](C)NC(=O)c1cnn[nH]1)NC(=O)CCn1cncn1,True
 Cc1nonc1CC(=O)N[C@H]1C[C@@H](C)N(C(=O)c2cn(C)c(=O)n2C)C1,True
 Cn1cc(C(=O)N[C@H]2C[C@H](NC(=O)[C@@H]3CCC(=O)N3)C2)c(C2CC2)n1,True
 O=C(Cn1ncnn1)N[C@H]1CCN(C(=O)c2ccco2)C[C@H]1O,True
 C[C@H](O)CN1CCN(C(=O)[C@H]2CC(=O)N(C)[C@H]2c2ccnn2C)CC1,True
 C[C@@H]1CN(C(=O)C2(C(N)=O)CC2)C[C@@H]1CNC(=O)c1cccc(C(N)=O)c1,True
 Cc1nc(N2CC[C@@H](NC(=O)[C@H]3CC(=O)N(C(C)C)C3)C2)nc(N(C)C)n1,True
 Cc1nn(C)c(C)c1NC(=O)CNCCNC(=O)[C@@H]1C[C@@H]1C(=O)O,True
 O=C(N[C@@H]1CN(C(=O)c2cnco2)C[C@@H]1O)c1ccc2c(O)nccc2n1,True
 CCCN(CCNC(=O)[C@@H]1CCNC1=O)c1nccnc1C#N,True
 C[C@H]1CCN(C(=O)C(=O)NC2CN(C(=O)CCc3nccn3C)C2)C1,True
 CN1C[C@H](C(=O)N[C@@H]2C[C@H]3CC[C@@H]2N3c2ccnc(C#N)n2)NC1=O,True
 CN(C)C(=O)[C@@H]1C[C@@H]1C(=O)N[C@@H]1C[C@H]2CC[C@@H]1N2C(=O)c1cn(C)c(=O)nc1O,True
 CC(=O)N[C@@H](C)C(=O)N1CC[C@@H](NC(=O)Cn2cc(Cl)cn2)C1,True
 C[C@H](N[C@H](C)C(=O)NC1CC1)C1CCC1,True
 CC[C@H](C(N)=O)N1CC[C@@H](NC(=O)c2coc(S(C)(=O)=O)c2)C1,True
 C[C@@H](C#N)C(=O)N1CCCO[C@H](CNCC(=O)NC2CCOCC2)C1,True
 CC(=O)N1CC(C(=O)N[C@@]2(C)CCN(C(=O)c3ccc(C(N)=O)[nH]3)C2)C1,True
 CN1CC[C@H](N2CC[C@H](NC(=O)C3CC3)C2)C1=O,True
 C[C@@H](CNC(=O)c1cnn[nH]1)NC(=O)c1ccc2c(c1)OCC(=O)N2,True
 COC(=O)[C@@H](C)N(C)C(=O)[C@H](OC)C(=O)O,True
 Cc1cnn(CC(=O)N(C)C[C@H](O)CNC(=O)[C@@H]2C[C@H]2C)c1,True
 C[C@H]1CN(C(=O)CN2CC(=O)NC2=O)C[C@H]1NC(=O)c1cc(C#N)c[nH]1,True
 C[C@@H](C[C@@H](C)NCC1CCC1)NC(=O)CN1CC(=O)NC1=O,True
 CNC(=O)NC(=O)CN1C[C@H](O)[C@H](NC(=O)c2cc(C(F)(F)F)ncn2)C1,True
 O=C(NC[C@@H]1COCCN1C(=O)c1cc[nH]c1)[C@H]1CCS(=O)(=O)N1,True
 CCC[C@H](C(=O)NC[C@]1(O)CCO[C@@H]1C)S(N)(=O)=O,True
 C[C@H]1C[C@@H](C(=O)O)CN(C(=O)C(=O)N2CCN(S(C)(=O)=O)[C@@H](C)C2)C1,True
 Cc1cc(C(=O)N[C@@H]2CN(C(=O)[C@H]3CC[C@@H](C(N)=O)O3)CC2(C)C)ncn1,True
 O=C(NC1[C@@H]2CN(C(=O)Cc3cc[nH]n3)C[C@@H]12)c1cccnn1,True
 CCN1CC[C@@H](N2C[C@@H](O)[C@H](NC(=O)c3ccc(N(C)C)cn3)C2)C1=O,True
 CC[C@@H]1[C@@H](NC(=O)c2ncn(C)n2)CCN1C(=O)c1cc(C(N)=O)c[nH]1,True
 C[C@H](NC(=O)C(=O)NCc1ccc(N2CCC[C@H](O)C2)cc1)C(=O)N(C)C,True
 Cn1nccc1C(=O)N[C@@H]1CCCN(C(=O)c2cnn(C)c2N)C1,True
 O=C1CC[C@@H](C(=O)NC[C@@H](O)CNC(=O)c2cnoc2C2CC2)CN1,True
 CC(=O)NCC(=O)N[C@H]1CCc2nc(NC(=O)c3cc(O)nc(O)n3)sc2C1,True
 CN(C)c1ncc(C(=O)N2CC[C@H]3CO[C@@H](CNC(=O)Cn4ccnn4)[C@H]3C2)o1,True
 Cc1nc(C)c(C(=O)N2CC[C@H](N(C)Cc3nc(=O)n(C)[nH]3)C2)[nH]1,True
 CNC(=O)CCCC(=O)N1CC[C@H](NC(=O)c2ccc(C(N)=O)[nH]2)C1,True
 COCC(=O)N1CC[C@H](N(C)C(=O)[C@H]2CCCC(=O)N2C)C1,True
 CC(C)N1C[C@H](C(=O)NC[C@H]2CCN(C(=O)c3nnn(C)n3)C2)CC1=O,True
 CC(=O)N[C@H](C)C(=O)N1C[C@@H](O)[C@H](NC(=O)c2ccc(F)cn2)C1,True
 Cc1ccn(CC(=O)N2CC(O)(CNC(=O)c3ccc[nH]3)C2)c(=O)c1,True
 C[C@@H]1CN(C(=O)c2ccc(C(N)=O)nc2)C[C@H]1NC(=O)CS(C)(=O)=O,True
 CN(C(=O)c1ccc(F)nc1)[C@H]1CN(C(=O)[C@H]2CC[C@@H](C(N)=O)O2)C[C@@H]1O,True
 C[C@H]1C[C@@H](C(=O)N2CC(O)(CNC(=O)Cc3cnn(C)c3)C2)CCO1,True
 Cn1cc(C(=O)N2CC[C@@H](NC(=O)c3ccon3)[C@@H](O)C2)n(C)c1=O,True
 CN(C[C@@H]1CCN1C(=O)c1nc[nH]n1)C(=O)c1ccc2nn[nH]c2n1,True
 C[C@H](C(=O)NC1CC1)N1CC[C@H]1CNC(=O)Cc1ncc[nH]1,True
 N#Cc1cccc(C(=O)N2CCN(C(=O)C(=O)N3CCOCC3)CC2)n1,True
 CO[C@@H]1CN(Cc2cc(C)on2)C[C@H]1NC(=O)c1cnn[nH]1,True
 CC[C@H](C(=O)NCC1(O)CN(Cc2nnnn2C)C1)N1CCCC1=O,True
 C[C@H](NC(=O)C(=O)N1CCN(C(C)(C)C(=O)O)CC1)[C@@H](C)N1CCOCC1,True
 CNC(=O)CN1CC[C@H](NC(=O)c2cc3c(cn2)OCCC3)[C@H](O)C1,True
 CCS(=O)(=O)N1CCN(C(=O)c2ccc3c(c2)S(=O)(=O)N=C2N=CNN23)CC1,True
 CC(=O)N1CC(C(=O)N2[C@H]3CC[C@@H]2C[C@H]3NC(=O)[C@@H]2COCCN2C)C1,True
 CCS(=O)(=O)CCNC(=O)N1CC[C@](F)(C(=O)OC)C1,True
 CC(C)c1nnnn1CC(=O)N(C)CCCN(C)C(=O)Cn1cncn1,True
 CCN(C(=O)c1cnon1)[C@H]1CCN(C(=O)Cn2cnnc2O)C1,True
 C[C@@H]1CN(C(=O)C(N)=O)C[C@@H]1CNC(=O)c1ccc(C(N)=O)o1,True
 CC[C@H](C(=O)N1C[C@H]2[C@@H](C1)OCCN2C(=O)C1CS(=O)(=O)C1)N(C)C,True
 CN(C(=O)c1ccc(-c2nn[nH]n2)[nH]1)[C@H]1CCN(C(=O)C[C@H]2CCC(=O)NC2)C1,True
 Cc1ncc(C(=O)N(C)CCN(C)C(=O)c2cnn[nH]2)n1C,True
 C[C@H](O)CN1CCN(C(=O)C(=O)N2CC[C@H]3C[C@@H]3C2)C[C@H]1C,True
 CC(C)n1cc(C(=O)NC[C@H]2C[C@@H](C)N(C(=O)Cn3nccn3)C2)nn1,True
 C[C@@H](C(=O)N[C@H]1[C@@H]2CN(C(=O)c3ccco3)C[C@@H]21)S(C)(=O)=O,True
 CC(=O)N1CC(C(=O)N2CC[C@@H](NC(=O)c3ccc4nn[nH]c4c3)C2)C1,True
 CN(C(=O)c1nccnc1N)C1CN(C(=O)c2cnc3cccnn23)C1,True
 CN1CCC[C@@H]1C(=O)N1CCC(CO)(NC(=O)[C@H]2CCOC2)CC1,True
 CCn1nncc1C(=O)N[C@@H]1CN(C(=O)c2c[nH]nc2C)C[C@@H]1n1ccnn1,True
 CO[C@@H]1CN(C(=O)c2c[nH]c(=O)cn2)C[C@H]1NC(=O)c1c(Cl)n[nH]c1C,True
 C[C@H](NS(=O)(=O)c1cnn(C)c1)C(=O)N1CCCC[C@@H]1[C@H](C)O,True
 CC(C)NS(=O)(=O)CCNC(=O)N[C@H]1CCN(C2CCOCC2)C1=O,True
 C[C@H](NC(=O)CN1C[C@H]2[C@H](NC(=O)[C@H]3COCCO3)[C@H]2C1)C(=O)N(C)C,True
 Cc1cc(C(=O)N2CCO[C@@H](CNC(=O)[C@H]3COCCO3)C2)ncn1,True
 CC(=O)NCC(=O)N[C@H]1CCN(C(=O)c2ccc(C(N)=O)o2)C[C@H]1C,True
 C[C@@H]1[C@H](NC(=O)C(N)=O)CCCN1C(=O)c1ccnc(F)c1,True
 COc1nc(C(=O)N[C@H]2CCN(C(=O)Cn3cnnn3)[C@@H]2C)co1,True
 C[C@H]1CN(C(=O)C(N)=O)C[C@@H]1CNC(=O)c1cc(C(F)F)n(C)n1,True
 CC1(C)CC[C@H](CNC(=O)C(=O)N2CCN(C(=O)CN3CCOCC3)CC2)OC1,True
 O=C(O)C[C@@H]1CN(C(=O)C(=O)N2CCOC[C@@H]2C[C@@H](O)c2ccco2)CCO1,True
 COCC(=O)N1CC[C@@H]2CN(C(=O)C3CN(C(C)=O)C3)CC[C@H]21,True
 C=C[C@@H](C(=O)OC)N1CCC(CNC(=O)N2CCS(=O)(=O)CC2)CC1,True
 N#CCNC(=O)CN[C@H]1C[C@H](NC(=O)[C@@H]2CCn3cncc3C2)C1,True
 CN1C(=O)CC[C@H]1C(=O)N1C[C@@H]2C(NC(=O)c3cn(C)c(O)n3)[C@H]2C1,True
 COC(=O)N1CC(NC(=O)C(=O)N2CC[C@@](C)(C(=O)O)C2)C1,True
 C[C@H](C(=O)N(C)CCCN(C)C(=O)c1cc(=O)n(C)o1)n1cncn1,True
 CN(C)C(=O)CN1CCN(C(=O)CN2CCC[C@@](C)(O)CC2)CC1,True
 NC(=O)[C@@H]1C[C@@H]1C(=O)N1CC[C@@H]2CCN(C(=O)c3ccc(C(N)=O)[nH]3)C[C@@H]21,True
 C[C@@H](O)[C@@H](C)N1CCN(C(C)(C)C)CC1,True
 C[C@@H]1CCN(C(=O)C(=O)N2CC[C@@H]2CNC(=O)c2cnnn2C)C1,True
 O=C(Cc1nc[nH]n1)N[C@@H]1[C@H]2C[C@H]1N(Cc1nnnn1C1CC1)C2,True
 CN1C[C@@H](C(=O)N2CCC[C@@H](NC(=O)c3cnnn3C)C2)CC1=O,True
 CC(=O)N(C)CC(=O)N1CC2(CCN(C(=O)C[C@H]3CCN(C)C3)C2)C1,True
 CN1CC[C@H](C(=O)N2CCC[C@@H](NC(=O)c3cnn(C)n3)CC2)CC1=O,True
 C[C@@H](N)C(=O)NC[C@]1(F)C[C@H]1C,True
 CCn1nc(C)c(C(=O)N2C[C@H](O)[C@H](NC(=O)c3ncoc3C)C2)n1,True
 CN1CCC(C(=O)N2CC[C@@H](NC(=O)c3cc[nH]n3)[C@H](O)C2)CC1,True
 C[C@@H]1CN(C(=O)CCc2nc[nH]n2)C[C@H]1NCC(=O)NC[C@H]1CCCO1,True
 Cc1nn[nH]c1C(=O)N1C[C@H]2C[C@H]1[C@@H]2NC(=O)Cc1ccc[nH]1,True
 CC(C)C(=O)N1CCC[C@@H]1C(=O)N[C@@H]1CN(C(=O)c2cn(C)cn2)C[C@H]1O,True
 C#CCN1CCC[C@H]1C(=O)N[C@@H]1CN(C(=O)C2CS(=O)(=O)C2)C[C@H]1C,True
 CCC(=O)N[C@H](C)C(=O)NC[C@H](C)NC(=O)CN1CCCS1(=O)=O,True
 CO[C@@H]1CN(CC(=O)NC(N)=O)C[C@H]1NC(=O)c1c[nH]c(C)cc1=O,True
 NC(=O)CN1CCOC[C@@H]1CNC(=O)c1cccc2c1OCCO2,True
 CN1C[C@@H](C(=O)N2CCC3(C2)CN(C(=O)[C@@H]2CCCO2)C3)NC1=O,True
 Cc1nc(C)c(C(=O)N(CCO)CCNC(=O)c2cnn(C)c2N)o1,True
 O=C1CN(C(=O)CN2CC[C@@H]2CNC(=O)c2cc(C3CC3)[nH]n2)CCN1,True
 Cn1cc(C(=O)NCC2(O)CN(C(=O)[C@@H]3C[C@H]4CC[C@@H]3O4)C2)nc1O,True
 CC(C)NC(=O)CN[C@H]1CN(C(=O)CNC(=O)N2CCCC2)C[C@H]1C,True
 C[C@H]1[C@@H](NCc2ncnn2CCF)CCN1C(=O)[C@]1(C)CCNC1=O,True
 CN(C)C(=O)[C@@H]1C[C@@H]1C(=O)N[C@H]1C[C@@H](NCc2cn(C)nn2)C1,True
 COC(=O)[C@@]1(C)CN(C(=O)C(=O)NC[C@@H](C)OC)C[C@@H]1C,True
 CC[C@@H](C)NC(=O)CN1CCN(C(=O)C(=O)NCc2cnc(N(C)C)n2C)CC1,True
 COCCN1CCOC[C@H]1CNC(=O)c1cc(C)c(C(N)=O)cn1,True
 C[C@@H](CNC(=O)C(=O)N(C)[C@H]1CCNC1=O)CN1CCN(C)CC1,True
 COC(=O)Cn1cc(S(=O)(=O)N2C[C@H]3CCC[C@]3(N)C2)cn1,True
 C=CCn1cc(C(=O)N2C[C@H](NC(=O)c3nc[nH]n3)C[C@H]2C)nn1,True
 CC1(CC(=O)N[C@@H]2CN(C(=O)Cn3cnnn3)C[C@H]2O)CC1,True
 C[C@@H](C(=O)NC(N)=O)N1C[C@@H](O)[C@H](NC(=O)c2cnc(O)n2C)C1,True
 CN(C[C@@H]1CCN1CC(=O)NCC#N)C(=O)[C@@H]1OC[C@@H]2COCC[C@@H]21,True
 C[C@]1(C2CC2)NC(=O)N(CC(=O)N2CCN3C(=O)CC[C@@H]3C2)C1=O,True
 Cc1cc(C(=O)N2CC(NC(=O)[C@H]3CC(=O)N[C@@H](C)C3)C2)n[nH]1,True
 CCC(=O)N[C@H]1C[C@H](NC(=O)C[C@@H]2CCS(=O)(=O)C2)C1,True
 CCN(C)C(=O)CNCCCNC(=O)c1ccc(C(N)=O)nc1,True
 COC(=O)[C@](C)(O)CNC(=O)c1cc(C(=O)O)n[nH]1,True
 C=C(Cl)CN1C[C@H](O)[C@H](CNC(=O)c2cn(C)c(=O)nc2O)C1,True
 CC(C)c1nocc1C(=O)N[C@@H]1CN(C(=O)[C@H]2CCNC2=O)C[C@H]1O,True
 Cc1nc(CC(=O)N[C@@H]2CCN(c3ccc(-c4nn[nH]n4)cn3)C[C@H]2O)n[nH]1,True
 CC(C)C[C@H](C(N)=O)C(=O)N1CCC[C@](CO)(NC(=O)c2cc[nH]n2)C1,True
 O=C(CCn1cc[nH]c(=O)c1=O)N1CCN(C(=O)c2cc[nH]c2)CC1,True
 C[C@H](Oc1cccnc1)C(=O)N1CC[C@H]2[C@@H]1CCN2C(=O)CN1CC(=O)NC1=O,True
 COC(=O)c1cc(C(=O)N2CC[C@H](CO)[C@@H](O)C2)on1,True
 C[C@@H](CN(C)c1ccc(C#N)nn1)NC(=O)C1CC(=O)NC(=O)C1,True
 CC(C)n1nnnc1CN[C@@H]1CC[C@@H]2CN(C(=O)c3nc[nH]n3)C[C@H]21,True
 C[C@H]1CN(C(=O)C(=O)N2CCC(C(=O)N3CCOCC3)CC2)C[C@H](C)S1(=O)=O,True
 CO[C@@H](C)C(=O)N1CC[C@@H](NC(=O)[C@H]2CC[C@@H](C(N)=O)O2)C1,True
 CCn1ncc(C(=O)N2CC[C@H]3CC[C@@H](C2)N3c2cncc(-c3nn[nH]n3)n2)n1,True
 C[C@H](CN(C)C(=O)CN1C(=O)CNC1=O)Nc1ncccn1,True
 CC(C)C(=O)N1CCC[C@@H]1C(=O)N[C@H]1CCN(C(=O)c2cnon2)C1,True
 CCc1ccc(CC(=O)N[C@@H]2CN(C(=O)[C@H]3COC(=O)N3)C[C@@H]2O)cc1,True
 C[C@H]1[C@@H](NC(=O)[C@H](C)n2cncn2)CCN1C(=O)c1cnnn1C,True
 O=C(NC[C@@H]1COCCN1C(=O)CNC(=O)C1CCC1)c1ccnnc1,True
 O=C(CC[C@@H]1CCOC1)NC[C@@H](O)CNC(=O)c1cnn2ccncc12,True
 C[C@@H](C(=O)N1CC[C@@H](NCCn2cccn2)C1)S(C)(=O)=O,True
 O=C(NC[C@@H]1CNCCCO1)N[C@H]1C[C@@H]2CCCCN2C1=O,True
 CC(C)S(=O)(=O)CC(=O)NC[C@@H](O)CNC(=O)c1cc(F)c[nH]1,True
 NC(=O)N1CCC[C@H]1C(=O)N1CC(NC(=O)C2CS(=O)(=O)C2)C1,True
 CCN(C)C(=O)CN1C[C@@H](C)[C@H](CNC(=O)C(=O)NCC(F)(F)F)C1,True
 O=C(N[C@@H]1CN(C(=O)[C@H]2CCCOC2)C[C@H]1O)c1cnn(CCF)c1,True
 NC1(CN2CC3(CC3)C2)CC1,True
 Cc1n[nH]cc1C(=O)N[C@@H]1CN(C(=O)[C@H]2CCCN2C(C)C)C[C@H]1O,True
 C[C@H](NC(=O)c1nnc(O)nc1O)C1CN(C(=O)C2(CF)CC2)C1,True
 CC(C)(C)OC(=O)N[C@@H](CO)C(=O)N1CCO[C@@]2(COCCN(C(=O)CN3C(=O)C=CC3=O)C2)C1,True
 NC(=O)CN1C[C@@H]2CC[C@H](C1)N2C(=O)[C@@H]1C[C@H]1c1cnc[nH]1,True
 C[C@@H]1CC[C@H](NC(=O)CCn2cnnn2)CN1Cc1ncccn1,True
 CC[C@@H](C)C(=O)NC[C@H](O)CNC(=O)c1ccc(C(N)=O)nc1,True
 C[C@@H]1CN(C(=O)c2nc[nH]n2)CC[C@H]1NC(=O)Cn1cnnn1,True
 CN1C[C@@H](C(=O)N2C[C@@H](O)[C@H](NC(=O)c3cc(C4CC4)n(C)n3)C2)CCC1=O,True
 O=C(CCc1cnc[nH]1)NC[C@@H]1CCN1C(=O)c1cnn[nH]1,True
 Cc1nc(CC(=O)N[C@H]2C[C@H](C)N(C(=O)c3n[nH]c(C)c3O)C2)n[nH]1,True
 Cc1[nH]nc(C(=O)N[C@@H]2CCN([C@H]3CCNC3=O)C2)c1O,True
 O=C(NC[C@@H]1CN(C(=O)c2ccc(O)nn2)CCO1)c1cocn1,True
 C[C@H](NC(=O)C1CC1)[C@@H]1CN(C(=O)c2ccc3nnnn3c2)CCO1,True
 CC(=O)N1CC[C@@H](NC(=O)C(=O)N(C)Cc2ccn(C)n2)C1,True
 C[C@H]1CN(C(=O)c2cn(C)c(O)n2)C[C@H]1N=c1cc[nH]c(C#N)n1,True
 Cn1cc(C(=O)N2CCC(NCC(=O)NC(N)=O)CC2)c(C(F)F)n1,True
 O=C(NC[C@@]1(O)CCN(C(=O)Cn2cnnn2)C1)c1ccc(O)nc1,True
 COc1ccnc(CNC(=O)N2CCN(CCO)C(C)(C)C2)n1,True
 C[C@@H]1C[C@H](NC(=O)N[C@@H]2CC(=O)N(C3CC3)C2)C(=O)O1,True
 C[C@@H](O)C(=O)N1CC2(CCCN2C(=O)[C@@H]2[C@H]3COC[C@H]32)C1,True
 CN(CC(N)=O)[C@@H]1CCN(C(=O)CNC(=O)c2cccc(F)c2)C1,True
 C[C@@H]1CN(C(=O)c2nccnc2N)C[C@H]1NC(=O)[C@H]1CCN(C)C1=O,True
 O=C(O)[C@@H]1C[C@@H]1CNC(=O)N1CCN(C(=O)C(=O)N2CCCC2)CC1,True
 CC(=O)N(C)CC(=O)N[C@H]1CCCN(C(=O)c2[nH]c(O)nc2C)CC1,True
 Cc1noc(C)c1C(=O)N1CCO[C@]2(COCCN(C(=O)[C@@H](N)CCC(N)=O)C2)C1,True
 C[C@H](CNC(=O)c1ccn(C)c1)N(C)Cc1nnnn1C,True
 O=C(CN1CCN(C(=O)CN[C@H]2CCC[C@@H]2F)CC1)N1CCOCC1,True
 CC(C)[C@@H](CO)CNC(=O)[C@@H]1CC(=O)N(C)C1,True
 CCN(C(=O)c1cccnn1)C1CN(C(=O)[C@@H]2CCCN2C(N)=O)C1,True
 O=C(N[C@@H]1CN(Cc2ncccn2)C[C@@H]1O)c1cc2c(nc1O)CCOC2,True
 CN[C@@H](C)COC[C@H](O)c1ccccn1,True
 CC(C)NC(=O)CN1CCN(c2nnc([C@H]3CCC(=O)N3)n2CC2(C(N)=O)CCOCC2)CC1,True
 CC[C@@H](C)C(=O)NCC(=O)NCCN(CCO)C(=O)C1(C)CC1,True
 CN(CCCN(C)c1cnc(C#N)cn1)C(=O)[C@H]1CC[C@@H](C(N)=O)O1,True
 C[C@@H](NC(=O)C(C)(C)C)C(=O)N1CC[C@H]1CNC(=O)CCc1cnn[nH]1,True
 C[C@@H]1CN(C(=O)c2cnn(C)n2)C[C@@H]1NCC1(CS(C)(=O)=O)CC1,True
 CC(C)OCC(=O)N1C[C@H]2[C@H](NC(=O)c3cc(C(N)=O)ccn3)[C@H]2C1,True
 Cc1cccc2nc(C(=O)NC[C@@H](O)CNCc3cnn(C)n3)cn12,True
 O=C(NC1CN(C(=O)Cn2cccn2)C1)c1c[nH]c(=O)cn1,True
 O=C(Cc1nc2ncccn2n1)N1CCO[C@@H](CNC[C@H]2CCOC2)C1,True
 CN(C)C(=O)CN1C[C@H]2C[C@H]1[C@@H]2NC(=O)Cc1cnoc1,True
 OC[C@@H]1CN(c2cc(-c3nn[nH]n3)nc(C3CC3)n2)C[C@H]1CO,True
 CC[C@@H]1C(=O)NCCN1S(=O)(=O)c1ccc(S(=O)(=O)NC)cc1,True
 O=C(NC[C@H](CO)Nc1cnc(F)cn1)c1cnn2c1OCCC2,True
 CC(=O)N1CCC[C@@H]1C(=O)N1C[C@H]2C(NC(=O)c3cn(C)c(O)n3)[C@@H]2C1,True
 O=C(Cn1cnnc1O)N1C[C@H]2[C@@H](C1)OCCN2C(=O)[C@@H]1C[C@@H]2C=C[C@H]1CC2,True
 CC[C@H](NC(=O)C(=O)N(C)CC(C)(C)C(=O)NC)[C@@H](O)C(F)(F)F,True
 C[C@@H](CNC(=O)c1cc(-c2nn[nH]n2)c[nH]1)NC(=O)[C@H]1CCc2nncn2CC1,True
 Cc1cc(C)n(CC(=O)NC2CN(C(=O)Cc3cncn3C)C2)c(=O)n1,True
 C[C@H]1C[C@H](C(=O)N2CC(O)(CNC(=O)c3cc(C(N)=O)c[nH]3)C2)CO1,True
 CO[C@H](C)CN1C[C@@H](O)[C@H](NC(=O)c2coc(S(N)(=O)=O)c2)C1,True
 Cc1cc(CC(=O)N2C[C@H](O)[C@H](CNC(=O)C(C)(C)C(N)=O)C2)n[nH]1,True
 CC(C)[C@H](COC(F)(F)F)NC(=O)C(=O)N1CCN(S(C)(=O)=O)CC1,True
 Cc1ccc(C(=O)N2C[C@@H](O)[C@H](NC(=O)CN3CC(=O)N(C)C3=O)C2)nn1,True
 CC(=O)NCC(=O)N[C@@H](C)CN(C)C(=O)c1ccn(CCN(C)C)n1,True
 C[C@@H](C(=O)N1C[C@H](O)[C@H](NC(=O)c2ccc(C(N)=O)cc2)C1)n1cncn1,True
 CC[C@@H](CNC(=O)[C@@H]1CC(=O)NC(=O)N1)NC(=O)c1ccnc(O)c1,True
 CN(C)C(=O)CN1CCN(C(=O)C(=O)Nc2cccc(S(=O)(=O)NC3CC3)c2)CC1,True
 CO[C@H]1C[C@@H](C(=O)N2CCCC2)N(C(=O)c2cnc3nc(O)nc(O)c3c2)C1,True
 CN(C)[C@H]1CCCN(C(=O)C(=O)N2CCN(C(=O)CN3CCOCC3)CC2)CC1,True
 C[C@H](NC[C@@H](O)CNC(=O)CCNC(N)=O)C(=O)NC1CC1,True
 C[C@@H](CNC(=O)[C@@H]1CC(=O)N(C)C1)Nc1cnc(C#N)cn1,True
 Cc1cnn(C)c1C(=O)N1CC[C@@H]2CN(C(=O)c3cc(=O)n(C)o3)[C@@H]2C1,True
 CCc1cc(C(=O)NC[C@H](O)CNCC(=O)N2CCCC2)n[nH]1,True
 CC[C@H](C)[C@H](NC(C)=O)C(=O)N1C[C@H]2CCN(CC(=O)NC(=O)NC)C[C@H]21,True
 C[C@H]1CN(C(=O)c2ncn(C)n2)C[C@H]1NC(=O)c1ccn(C)n1,True
 Cc1ncc(C(=O)N[C@@H]2CN(C(=O)c3cn(C)c(=O)n3C)C[C@H]2C)n1C,True
 C[C@@H](C(=O)N[C@H]1C[C@H](CNC(=O)c2cn(C)nn2)C1)N1CCOCC1,True
 CC(C)NC(=O)c1nnc(N2CC(=O)N(C)C[C@@H]2C)n1C[C@H]1CCS(=O)(=O)C1,True
 Cc1ccc(C(=O)N[C@@H]2CS(=O)(=O)C[C@@H]2N2CCOCC2)cc1S(=O)(=O)N1CCOCC1,True
 CCc1nc[nH]c1C(=O)N[C@@H]1CN(C(=O)[C@H](CC)OC)C[C@H]1O,True
 C[C@@H](C[C@@H](C)NC(=O)CCS(C)(=O)=O)NCCS(C)(=O)=O,True
 C[C@H](CC(N)=O)C(=O)N1CCC2(CN(C(=O)c3ccn(C)c(=O)c3)C2)C1,True
 CCO[C@@H]1C[C@@H](NC(=O)C(=O)N(C)C[C@H](O)CN2CCOCC2)[C@@H]1OC,True
 C[C@@H]1CN(C(=O)c2cn(C)nn2)CC[C@@H]1NC(=O)c1cncnc1,True
 CC(=O)N[C@@H](C)C(=O)N(C)CCNC(=O)c1nc(C)c[nH]1,True
 CC[C@@H](CNC(=O)c1ccc2c(c1)nnn2C)NC(=O)CNC(=O)OC,True
 C[C@H]1CN(C[C@H]2CCCN2C(=O)C(=O)NC[C@@H]2CC[C@H](C(N)=O)O2)C[C@@H](C)O1,True
 Cc1nc(C)c(C(=O)N2CC[C@H](NC(=O)CN3C(=O)CNC3=O)[C@H]2C)o1,True
 CC[C@@H]1CN(C(=O)C2(C)CC2)C[C@@H]1O,True
 Cc1nc(C)c(C(=O)N2C[C@@H](O)[C@H](NC(=O)[C@H]3CC[C@@H](C)O3)C2)[nH]1,True
 COC(=O)[C@@H](CO)NS(=O)(=O)c1cc(F)c(C(=O)O)c(F)c1,True
 C[C@H]1[C@@H](NC(=O)[C@@H]2OC[C@@H]3COCC[C@@H]32)CCN1C(=O)c1ccn2nnnc2c1,True
 C[C@@H]1[C@H](C(=O)N2C[C@H]3[C@@H](C2)OCCN3C(=O)CCn2cccn2)CCN1C,True
 CC(=O)NCC(=O)N1CCCN(C(=O)C(=O)NCc2nnn(C(C)(C)C)n2)CC1,True
 O=C(N[C@@H]1CN(C(=O)c2cc[nH]n2)C[C@H]1O)C1CS(=O)(=O)C1,True
 CC(C)[C@@H](O)C(=O)N[C@@H]1CN(C(=O)c2cc(C(F)F)[nH]n2)C[C@@H]1O,True
 Cn1ncc(C(=O)N[C@H]2C[C@H](NCc3cc(=O)n4nccc4[nH]3)C2)n1,True
 C[C@@H](CNC(=O)c1ncn(C)n1)N(C)C(=O)[C@H]1CCCS(=O)(=O)C1,True
 CCNC(=O)CC(=O)NC[C@@H]1CN(C(=O)c2cnn(CC)c2)C[C@H]1O,True
 CC(C)(C)c1ocnc1C(=O)N1C[C@H](O)[C@H](NC(=O)[C@H]2CNC(=O)N2)C1,True
 Cc1nc(CC(=O)N(C)C[C@H]2CCN2C(=O)[C@H]2C[C@H]2C(=O)N(C)C)n[nH]1,True
 O=C(N[C@H]1C[C@H](NCCN2CCNC2=O)C1)[C@@H]1CCn2ccnc2C1,True
 CC(C)N1CC[C@@H](NC(=O)C(=O)N2CCN([C@@]3(C(=O)O)CCOC3)CC2)C1=O,True
 C[C@H]1CN(C(=O)c2cn(CC(N)=O)nn2)C[C@@H]1NC(=O)Cn1cnnn1,True
 Cc1nc(CN2CC[C@H](NC(=O)c3cc(C#N)c[nH]3)[C@@H](O)C2)n[nH]1,True
 CCN1C[C@@H](C(=O)N[C@H]2C[C@@H](NC(=O)c3cn[nH]c3)C2)CC1=O,True
 CC(=O)N(C)CC(=O)N(C)C[C@@H](C)NC(=O)CCn1cnccc1=O,True
 NC(=O)C(=O)NC1CCN(C(=O)[C@@H]2CC(=O)N(c3cn[nH]c3)C2)CC1,True
 C[C@@H](CNC(=O)c1cncnc1)N(C)C(=O)c1ccc(C(N)=O)nc1,True
 CC1(C)C[C@@H]1C(=O)N1CC[C@H]1CNC(=O)c1cn(CC(N)=O)nn1,True
